Workbook

Sheet Overview
A1: GST Reconciliation Report
A2: Test Client · Aug 2026 · Run 17 · GSTIN 07AAACP9472A1ZJ
A3: Generated 26 Sep 2026 13:15 UTC
A4: Source files: 092026_07AAECM4521F1Z8_GSTR2B_TESTSET2.xlsx, PurchaseRegister_TESTSET2_MeridianTextiles.xlsx
A6: Key figures (live formulas)
A7: ITC at stake (tax on exceptions) | B7: =SUMIF('Master data'!$L$2:$L$20,"<>Matched",'Master data'!$J$2:$J$20) -> 31230 | C7: §1 headline — tax on every exception bucket, not gross invoice value
A8: Period ITC (total tax in run) | B8: =SUM('Master data'!$J$2:$J$20) -> 74897.82
A9: ITC at stake % of period ITC | B9: =IFERROR(B7/B8,0) -> 0.41696808
A10: Invoices | B10: =COUNTA('Master data'!$A$2:$A$20) -> 19
A11: Matched | B11: =COUNTIF('Master data'!$L$2:$L$20,"Matched") -> 11
A12: Exceptions | B12: =COUNTA('Master data'!$A$2:$A$20)-COUNTIF('Master data'!$L$2:$L$20,"Matched") -> 8
A13: Not in books | B13: =COUNTIF('Master data'!$L$2:$L$20,"Not in Books") -> 1
A14: Not in portal | B14: =COUNTIF('Master data'!$L$2:$L$20,"Not in Portal") -> 3
A15: Amount difference | B15: =COUNTIF('Master data'!$L$2:$L$20,"Amount Difference") -> 4
A16: Credit notes | B16: =COUNTA('Credit Notes'!$A$2:$A$3) -> 2 | C16: tracked separately from invoices
A17: Credit note tax | B17: =SUM('Credit Notes'!$K$2:$K$3) -> 972 | C17: not reconciled this run
A18: Gross invoice value on exceptions (context only) | B18: =SUMIF('Master data'!$L$2:$L$20,"<>Matched",'Master data'!$K$2:$K$20) -> 209730
A20: Split by matching type (from the master data sheet)
A21: Classification | B21: Entries | C21: Total tax | D21: Invoice value
A22: Matched | B22: =COUNTIF('Master data'!$L$2:$L$20,"Matched") -> 11 | C22: =SUMIF('Master data'!$L$2:$L$20,"Matched",'Master data'!$J$2:$J$20) -> 43667.82 | D22: =SUMIF('Master data'!$L$2:$L$20,"Matched",'Master data'!$K$2:$K$20) -> 286266.82
A23: Amount Difference | B23: =COUNTIF('Master data'!$L$2:$L$20,"Amount Difference") -> 4 | C23: =SUMIF('Master data'!$L$2:$L$20,"Amount Difference",'Master data'!$J$2:$J$20) -> 20700 | D23: =SUMIF('Master data'!$L$2:$L$20,"Amount Difference",'Master data'!$K$2:$K$20) -> 140700
A24: Not in Books | B24: =COUNTIF('Master data'!$L$2:$L$20,"Not in Books") -> 1 | C24: =SUMIF('Master data'!$L$2:$L$20,"Not in Books",'Master data'!$J$2:$J$20) -> 1710 | D24: =SUMIF('Master data'!$L$2:$L$20,"Not in Books",'Master data'!$K$2:$K$20) -> 11210
A25: Not in Portal | B25: =COUNTIF('Master data'!$L$2:$L$20,"Not in Portal") -> 3 | C25: =SUMIF('Master data'!$L$2:$L$20,"Not in Portal",'Master data'!$J$2:$J$20) -> 8820 | D25: =SUMIF('Master data'!$L$2:$L$20,"Not in Portal",'Master data'!$K$2:$K$20) -> 57820
A26: Total | B26: =SUM(B22:B25) -> 19 | C26: =SUM(C22:C25) -> 74897.82 | D26: =SUM(D22:D25) -> 495996.82
A28: Data quality & scope notes
A29: TDS is not reconciled in this run
A30: This run reconciled GST only. No Form 26AS or TDS return was part of it.
A31: Deduction, deposit and 26AS reflection cannot be checked without those files, so any TDS position is unverified.
A32: Upload the Form 26AS and TDS source files and run a TDS reconciliation.
A33: 1 record(s) have no books side
A34: These were seen only on the portal, so no books value could be compared.
A35: They widen the difference without a counterpart amount to net against.
A36: Confirm whether they are booked under another ledger or genuinely missing.
A37: 3 record(s) have no portal side
A38: These were seen only in the books, so no portal value could be compared.
A39: They may be unfiled supplier invoices, or invoices filed in a different period.
... A60: File the return from your filing workflow once the exceptions are decided.

Sheet Master data
A1: Supplier | B1: GSTIN | C1: Invoice no. | D1: Invoice date | E1: Taxable value | F1: IGST | G1: CGST | H1: SGST | I1: Cess | J1: Total tax | K1: Invoice value | L1: Classification | M1: Status | N1: Difference type | O1: Confidence | P1: Match reason | Q1: Row key
A2: RAJESH TEXTILE MILLS | B2: 07AABCR1234F1Z2 | C2: RTM/145 | D2: 18 Sep 2026 | E2: 42000 | F2: 0 | G2: 3780 | H2: 3780 | I2: 0 | J2: 7560 | K2: 49560 | L2: Matched | M2: Not reviewed | O2: High — 98% | P2: Matched on: GSTIN 07AABCR1234F1Z2, invoice RTM/145; taxable value, CGST, SGST, IGST and cess all agree. | Q2: =$L2&"|"&COUNTIF($L$2:$L2,$L2) -> Matched|1
A3: SUNRISE FABRICS PVT LTD | B3: 24AABCS5678G1Z4 | C3: SF-2291 | D3: 05 Sep 2026 | E3: 68000 | F3: 12240 | G3: 0 | H3: 0 | I3: 0 | J3: 12240 | K3: 80240 | L3: Matched | M3: Not reviewed | O3: High — 98% | P3: Matched on: GSTIN 24AABCS5678G1Z4, invoice SF-2291; taxable value, CGST, SGST, IGST and cess all agree. | Q3: =$L3&"|"&COUNTIF($L$2:$L3,$L3) -> Matched|2
A4: RAJESH TEXTILE MILLS | B4: 07AABCR1234F1Z2 | C4: RTM/158 | D4: 22 Sep 2026 | E4: 35000 | F4: 0 | G4: 3150 | H4: 3150 | I4: 0 | J4: 6300 | K4: 41300 | L4: Amount Difference | M4: Not reviewed | N4: Taxable Value Difference | O4: High — 98% | P4: Matched on: GSTIN 07AABCR1234F1Z2, invoice RTM/158; Taxable Value Difference: books ₹34,500.00 vs portal ₹35,000.00, difference ₹500.00. | Q4: =$L4&"|"&COUNTIF($L$2:$L4,$L4) -> Amount Difference|1
A5: SUNRISE FABRICS PVT LTD | B5: 24AABCS5678G1Z4 | C5: SF-2305 | D5: 10 Sep 2026 | E5: 50000 | F5: 9000 | G5: 0 | H5: 0 | I5: 0 | J5: 9000 | K5: 59000 | L5: Amount Difference | M5: Not reviewed | N5: Tax Amount Difference | O5: High — 98% | P5: Matched on: GSTIN 24AABCS5678G1Z4, invoice SF-2305; Tax Amount Difference: IGST: books ₹4,500.00 vs portal ₹9,000.00. | Q5: =$L5&"|"&COUNTIF($L$2:$L5,$L5) -> Amount Difference|2
A6: OM TRADERS | B6: 07AAAOP9012H1Z6 | C6: OT/77 | D6: 12 Sep 2026 | E6: 20000 | F6: 0 | G6: 1800 | H6: 1800 | I6: 0 | J6: 3600 | K6: 23600 | L6: Amount Difference | M6: Not reviewed | N6: Tax Split Mismatch | O6: High — 98% | P6: Matched on: GSTIN 07AAAOP9012H1Z6, invoice OT/77; Tax Split Mismatch: total tax agrees at ₹3,600.00, but components differ — CGST: books ₹0.00 vs portal ₹1,800.00; SGST: books ₹0.00 vs portal ₹1,800.00; IGST: books ₹3,600.00 vs portal ₹0.00. Indicates a place-of-supply difference. | Q6: =$L6&"|"&COUNTIF($L$2:$L6,$L6) -> Amount Difference|3
A7: RAJESH TEXTILE MILLS | B7: 07AABCR1234F1Z2 | C7: RTM/162 | D7: 24 Sep 2026 | E7: 15000 | F7: 0 | G7: 900 | H7: 900 | I7: 0 | J7: 1800 | K7: 16800 | L7: Amount Difference | M7: Not reviewed | N7: Tax Amount Difference | O7: High — 98% | P7: Matched on: GSTIN 07AABCR1234F1Z2, invoice RTM/162; Tax Amount Difference: CGST: books ₹1,350.00 vs portal ₹900.00; SGST: books ₹1,350.00 vs portal ₹900.00. | Q7: =$L7&"|"&COUNTIF($L$2:$L7,$L7) -> Amount Difference|4
A8: DELHI TELECOM SERVICES LTD | B8: 07AABCD3344E1Z9 | C8: DTS/998877 | D8: 06 Sep 2026 | E8: 599 | F8: 0 | G8: 53.91 | H8: 53.91 | I8: 0 | J8: 107.82 | K8: 706.82 | L8: Matched | M8: Not reviewed | O8: High — 98% | P8: Matched on: GSTIN 07AABCD3344E1Z9, invoice DTS/998877; taxable value, CGST, SGST, IGST and cess all agree within ₹10.00. | Q8: =$L8&"|"&COUNTIF($L$2:$L8,$L8) -> Matched|3
A9: VIKAS ENTERPRISES | B9: 07AABCV6789K1Z8 | C9: VE-234 | D9: 14 Sep 2026 | E9: 18000 | F9: 0 | G9: 1620 | H9: 1620 | I9: 0 | J9: 3240 | K9: 21240 | L9: Matched | M9: Not reviewed | O9: Medium — 90% | P9: Matched on: GSTIN 07AABCV6789K1Z8, invoice 'VE-234' (books) / 'VE/26-27/0234' (portal); taxable value, CGST, SGST, IGST and cess all agree. after invoice number variance ('VE-234' in books, 'VE/26-27/0234' on portal) | Q9: =$L9&"|"&COUNTIF($L$2:$L9,$L9) -> Matched|4
A10: OM TRADERS | B10: 07AAAOP9012H1Z6 | C10: OT/85 | D10: 15 Sep 2026 | E10: 12000 | F10: 0 | G10: 1080 | H10: 1080 | I10: 0 | J10: 2160 | K10: 14160 | L10: Matched | M10: Not reviewed | O10: High — 98% | P10: Matched on: GSTIN 07AAAOP9012H1Z6, invoice OT/85; taxable value, CGST, SGST, IGST and cess all agree. | Q10: =$L10&"|"&COUNTIF($L$2:$L10,$L10) -> Matched|5
A11: LEGAL CONSULTANTS & ASSOCIATES | B11: 07AABCL2222Q1Z5 | C11: LC/44 | D11: 16 Sep 2026 | E11: 25000 | F11: 0 | G11: 2250 | H11: 2250 | I11: 0 | J11: 4500 | K11: 29500 | L11: Matched | M11: Not reviewed | O11: High — 98% | P11: Matched on: GSTIN 07AABCL2222Q1Z5, invoice LC/44; taxable value, CGST, SGST, IGST and cess all agree. | Q11: =$L11&"|"&COUNTIF($L$2:$L11,$L11) -> Matched|6
A12: CELEBRATION CATERERS | B12: 07AABCC3333R1Z7 | C12: CC/12 | D12: 19 Sep 2026 | E12: 8000 | F12: 0 | G12: 720 | H12: 720 | I12: 0 | J12: 1440 | K12: 9440 | L12: Matched | M12: Not reviewed | O12: High — 98% | P12: Matched on: GSTIN 07AABCC3333R1Z7, invoice CC/12; taxable value, CGST, SGST, IGST and cess all agree. | Q12: =$L12&"|"&COUNTIF($L$2:$L12,$L12) -> Matched|7
A13: SUNRISE FABRICS PVT LTD | B13: 24AABCS5678G1Z4 | C13: SF-2318 | D13: 27 Sep 2026 | E13: 30000 | F13: 5400 | G13: 0 | H13: 0 | I13: 0 | J13: 5400 | K13: 35400 | L13: Matched | M13: Not reviewed | O13: High — 98% | P13: Matched on: GSTIN 24AABCS5678G1Z4, invoice SF-2318; taxable value, CGST, SGST, IGST and cess all agree. | Q13: =$L13&"|"&COUNTIF($L$2:$L13,$L13) -> Matched|8
A14: RAJESH TEXTILE MILLS | B14: 07AABCR1234F1Z2 | C14: RTM/170 | D14: 29 Sep 2026 | E14: 22000 | F14: 0 | G14: 1980 | H14: 1980 | I14: 0 | J14: 3960 | K14: 25960 | L14: Matched | M14: Not reviewed | O14: High — 98% | P14: Matched on: GSTIN 07AABCR1234F1Z2, invoice RTM/170; taxable value, CGST, SGST, IGST and cess all agree. | Q14: =$L14&"|"&COUNTIF($L$2:$L14,$L14) -> Matched|9
A15: OM TRADER'S | B15: 07AAA0P9012H1Z6 | C15: OT/91 | D15: 30 Sep 2026 | E15: 6000 | F15: 0 | G15: 540 | H15: 540 | I15: 0 | J15: 1080 | K15: 7080 | L15: Matched | M15: Not reviewed | O15: Medium — 65% | P15: Matched on party name and amount: GSTIN 07AAA0P9012H1Z6, invoice OT/91; taxable value, CGST, SGST, IGST and cess all agree. via fuzzy party name match (95%: 'OM TRADER'S' ↔ 'Om Traders') Note: GSTIN '07AAA0P9012H1Z6' does not match structural pattern. | Q15: =$L15&"|"&COUNTIF($L$2:$L15,$L15) -> Matched|10
A16: BRIGHT STAR TRADERS | B16: 07AABCB9988S1Z | C16: BST/501 | D16: 22 Sep 2026 | E16: 11000 | F16: 0 | G16: 990 | H16: 990 | I16: 0 | J16: 1980 | K16: 12980 | L16: Matched | M16: Not reviewed | O16: Low — 60% | P16: Matched on party name and amount: GSTIN 07AABCB9988S1Z, invoice BST/501; taxable value, CGST, SGST, IGST and cess all agree. via fuzzy party name match (100%: 'BRIGHT STAR TRADERS' ↔ 'Bright Star Traders') Note: GSTIN '07AABCB9988S1Z' has 14 chars (expected 15). | Q16: =$L16&"|"&COUNTIF($L$2:$L16,$L16) -> Matched|11
A17: OM TRADERS | B17: 07AAAOP9012H1Z6 | C17: OT/85 | D17: 15 Sep 2026 | E17: 12000 | F17: 0 | G17: 1080 | H17: 1080 | I17: 0 | J17: 2160 | K17: 14160 | L17: Not in Portal | M17: Not reviewed | N17: Duplicate in Books | O17: Low — 0% | P17: Not in Portal: GSTIN 07AAAOP9012H1Z6, invoice OT/85, ₹14,160.00 — no candidate in any pass, and no adjacent-period file was supplied to check for late filing. Duplicate in Books: this GSTIN + invoice number appears 2 times in the books, and one copy was already matched. This surplus copy is the additional ITC claim and is reported separately rather than compared a second time. | Q17: =$L17&"|"&COUNTIF($L$2:$L17,$L17) -> Not in Portal|1
A18: GLOBAL LOGISTICS CO | B18: 06AABCG3456L1Z9 | C18: GL/551 | D18: 20 Sep 2026 | E18: 28000 | F18: 5040 | G18: 0 | H18: 0 | I18: 0 | J18: 5040 | K18: 33040 | L18: Not in Portal | M18: Not reviewed | O18: Low — 0% | P18: Not in Portal: GSTIN 06AABCG3456L1Z9, invoice GL/551, ₹33,040.00 — no candidate in any pass, and no adjacent-period file was supplied to check for late filing. | Q18: =$L18&"|"&COUNTIF($L$2:$L18,$L18) -> Not in Portal|2
A19: VIKAS ENTERPRISES | B19: 07AABCV6789K1Z8 | C19: VE-250 | D19: 18 Sep 2026 | E19: 9000 | F19: 0 | G19: 810 | H19: 810 | I19: 0 | J19: 1620 | K19: 10620 | L19: Not in Portal | M19: Not reviewed | O19: Low — 0% | P19: Not in Portal: GSTIN 07AABCV6789K1Z8, invoice VE-250, ₹10,620.00 — no candidate in any pass, and no adjacent-period file was supplied to check for late filing. | Q19: =$L19&"|"&COUNTIF($L$2:$L19,$L19) -> Not in Portal|3
A20: Prime Packaging Solutions | B20: 07AABCP7890M1Z3 | C20: PPS/912 | D20: 09 Sep 2026 | E20: 9500 | F20: 0 | G20: 855 | H20: 855 | I20: 0 | J20: 1710 | K20: 11210 | L20: Not in Books | M20: Not reviewed | O20: Low — 0% | P20: Not in Books: GSTIN 07AABCP7890M1Z3, invoice PPS/912, ₹11,210.00 — no matching book entry found across any pass. | Q20: =$L20&"|"&COUNTIF($L$2:$L20,$L20) -> Not in Books|1

Sheet Matched
A1: Supplier | B1: GSTIN | C1: Invoice no. | D1: Invoice date | E1: Taxable value | F1: IGST | G1: CGST | H1: SGST | I1: Cess | J1: Total tax | K1: Invoice value | L1: Classification | M1: Status | N1: Difference type | O1: Confidence | P1: Match reason
A2: =IFERROR(INDEX('Master data'!A$2:A$20,MATCH("Matched|"&(ROW()-1),'Master data'!$Q$2:$Q$20,0)),"") -> RAJESH TEXTILE MILLS | B2: =IFERROR(INDEX('Master data'!B$2:B$20,MATCH("Matched|"&(ROW()-1),'Master data'!$Q$2:$Q$20,0)),"") -> 07AABCR1234F1Z2 | C2: =IFERROR(INDEX('Master data'!C$2:C$20,MATCH("Matched|"&(ROW()-1),'Master data'!$Q$2:$Q$20,0)),"") -> RTM/145 | D2: =IFERROR(INDEX('Master data'!D$2:D$20,MATCH("Matched|"&(ROW()-1),'Master data'!$Q$2:$Q$20,0)),"") -> 18 Sep 2026 | E2: =IFERROR(INDEX('Master data'!E$2:E$20,MATCH("Matched|"&(ROW()-1),'Master data'!$Q$2:$Q$20,0)),"") -> 42000 | F2: =IFERROR(INDEX('Master data'!F$2:F$20,MATCH("Matched|"&(ROW()-1),'Master data'!$Q$2:$Q$20,0)),"") -> 0 | G2: =IFERROR(INDEX('Master data'!G$2:G$20,MATCH("Matched|"&(ROW()-1),'Master data'!$Q$2:$Q$20,0)),"") -> 3780 | H2: =IFERROR(INDEX('Master data'!H$2:H$20,MATCH("Matched|"&(ROW()-1),'Master data'!$Q$2:$Q$20,0)),"") -> 3780 | ... P2: =IFERROR(INDEX('Master data'!P$2:P$20,MATCH("Matched|"&(ROW()-1),'Master data'!$Q$2:$Q$20,0)),"") -> Matched on: GSTIN 07AABCR1234F1Z2, invoice RTM/145; taxable value, CGST, SGST, IGST and cess all agree.
A3: =IFERROR(INDEX('Master data'!A$2:A$20,MATCH("Matched|"&(ROW()-1),'Master data'!$Q$2:$Q$20,0)),"") -> SUNRISE FABRICS PVT LTD | B3: =IFERROR(INDEX('Master data'!B$2:B$20,MATCH("Matched|"&(ROW()-1),'Master data'!$Q$2:$Q$20,0)),"") -> 24AABCS5678G1Z4 | C3: =IFERROR(INDEX('Master data'!C$2:C$20,MATCH("Matched|"&(ROW()-1),'Master data'!$Q$2:$Q$20,0)),"") -> SF-2291 | D3: =IFERROR(INDEX('Master data'!D$2:D$20,MATCH("Matched|"&(ROW()-1),'Master data'!$Q$2:$Q$20,0)),"") -> 05 Sep 2026 | E3: =IFERROR(INDEX('Master data'!E$2:E$20,MATCH("Matched|"&(ROW()-1),'Master data'!$Q$2:$Q$20,0)),"") -> 68000 | F3: =IFERROR(INDEX('Master data'!F$2:F$20,MATCH("Matched|"&(ROW()-1),'Master data'!$Q$2:$Q$20,0)),"") -> 12240 | G3: =IFERROR(INDEX('Master data'!G$2:G$20,MATCH("Matched|"&(ROW()-1),'Master data'!$Q$2:$Q$20,0)),"") -> 0 | H3: =IFERROR(INDEX('Master data'!H$2:H$20,MATCH("Matched|"&(ROW()-1),'Master data'!$Q$2:$Q$20,0)),"") -> 0 | ... P3: =IFERROR(INDEX('Master data'!P$2:P$20,MATCH("Matched|"&(ROW()-1),'Master data'!$Q$2:$Q$20,0)),"") -> Matched on: GSTIN 24AABCS5678G1Z4, invoice SF-2291; taxable value, CGST, SGST, IGST and cess all agree.
A4: =IFERROR(INDEX('Master data'!A$2:A$20,MATCH("Matched|"&(ROW()-1),'Master data'!$Q$2:$Q$20,0)),"") -> DELHI TELECOM SERVICES LTD | B4: =IFERROR(INDEX('Master data'!B$2:B$20,MATCH("Matched|"&(ROW()-1),'Master data'!$Q$2:$Q$20,0)),"") -> 07AABCD3344E1Z9 | C4: =IFERROR(INDEX('Master data'!C$2:C$20,MATCH("Matched|"&(ROW()-1),'Master data'!$Q$2:$Q$20,0)),"") -> DTS/998877 | D4: =IFERROR(INDEX('Master data'!D$2:D$20,MATCH("Matched|"&(ROW()-1),'Master data'!$Q$2:$Q$20,0)),"") -> 06 Sep 2026 | E4: =IFERROR(INDEX('Master data'!E$2:E$20,MATCH("Matched|"&(ROW()-1),'Master data'!$Q$2:$Q$20,0)),"") -> 599 | F4: =IFERROR(INDEX('Master data'!F$2:F$20,MATCH("Matched|"&(ROW()-1),'Master data'!$Q$2:$Q$20,0)),"") -> 0 | G4: =IFERROR(INDEX('Master data'!G$2:G$20,MATCH("Matched|"&(ROW()-1),'Master data'!$Q$2:$Q$20,0)),"") -> 53.91 | H4: =IFERROR(INDEX('Master data'!H$2:H$20,MATCH("Matched|"&(ROW()-1),'Master data'!$Q$2:$Q$20,0)),"") -> 53.91 | ... P4: =IFERROR(INDEX('Master data'!P$2:P$20,MATCH("Matched|"&(ROW()-1),'Master data'!$Q$2:$Q$20,0)),"") -> Matched on: GSTIN 07AABCD3344E1Z9, invoice DTS/998877; taxable value, CGST, SGST, IGST and cess all agree within ₹10.00.
A5: =IFERROR(INDEX('Master data'!A$2:A$20,MATCH("Matched|"&(ROW()-1),'Master data'!$Q$2:$Q$20,0)),"") -> VIKAS ENTERPRISES | B5: =IFERROR(INDEX('Master data'!B$2:B$20,MATCH("Matched|"&(ROW()-1),'Master data'!$Q$2:$Q$20,0)),"") -> 07AABCV6789K1Z8 | C5: =IFERROR(INDEX('Master data'!C$2:C$20,MATCH("Matched|"&(ROW()-1),'Master data'!$Q$2:$Q$20,0)),"") -> VE-234 | D5: =IFERROR(INDEX('Master data'!D$2:D$20,MATCH("Matched|"&(ROW()-1),'Master data'!$Q$2:$Q$20,0)),"") -> 14 Sep 2026 | E5: =IFERROR(INDEX('Master data'!E$2:E$20,MATCH("Matched|"&(ROW()-1),'Master data'!$Q$2:$Q$20,0)),"") -> 18000 | F5: =IFERROR(INDEX('Master data'!F$2:F$20,MATCH("Matched|"&(ROW()-1),'Master data'!$Q$2:$Q$20,0)),"") -> 0 | G5: =IFERROR(INDEX('Master data'!G$2:G$20,MATCH("Matched|"&(ROW()-1),'Master data'!$Q$2:$Q$20,0)),"") -> 1620 | H5: =IFERROR(INDEX('Master data'!H$2:H$20,MATCH("Matched|"&(ROW()-1),'Master data'!$Q$2:$Q$20,0)),"") -> 1620 | ... P5: =IFERROR(INDEX('Master data'!P$2:P$20,MATCH("Matched|"&(ROW()-1),'Master data'!$Q$2:$Q$20,0)),"") -> Matched on: GSTIN 07AABCV6789K1Z8, invoice 'VE-234' (books) / 'VE/26-27/0234' (portal); taxable value, CGST, SGST, IGST and cess all agree. after invoice number variance ('VE-234' in books, 'VE/26-27/0234' on portal)
A6: =IFERROR(INDEX('Master data'!A$2:A$20,MATCH("Matched|"&(ROW()-1),'Master data'!$Q$2:$Q$20,0)),"") -> OM TRADERS | B6: =IFERROR(INDEX('Master data'!B$2:B$20,MATCH("Matched|"&(ROW()-1),'Master data'!$Q$2:$Q$20,0)),"") -> 07AAAOP9012H1Z6 | C6: =IFERROR(INDEX('Master data'!C$2:C$20,MATCH("Matched|"&(ROW()-1),'Master data'!$Q$2:$Q$20,0)),"") -> OT/85 | D6: =IFERROR(INDEX('Master data'!D$2:D$20,MATCH("Matched|"&(ROW()-1),'Master data'!$Q$2:$Q$20,0)),"") -> 15 Sep 2026 | E6: =IFERROR(INDEX('Master data'!E$2:E$20,MATCH("Matched|"&(ROW()-1),'Master data'!$Q$2:$Q$20,0)),"") -> 12000 | F6: =IFERROR(INDEX('Master data'!F$2:F$20,MATCH("Matched|"&(ROW()-1),'Master data'!$Q$2:$Q$20,0)),"") -> 0 | G6: =IFERROR(INDEX('Master data'!G$2:G$20,MATCH("Matched|"&(ROW()-1),'Master data'!$Q$2:$Q$20,0)),"") -> 1080 | H6: =IFERROR(INDEX('Master data'!H$2:H$20,MATCH("Matched|"&(ROW()-1),'Master data'!$Q$2:$Q$20,0)),"") -> 1080 | ... P6: =IFERROR(INDEX('Master data'!P$2:P$20,MATCH("Matched|"&(ROW()-1),'Master data'!$Q$2:$Q$20,0)),"") -> Matched on: GSTIN 07AAAOP9012H1Z6, invoice OT/85; taxable value, CGST, SGST, IGST and cess all agree.
A7: =IFERROR(INDEX('Master data'!A$2:A$20,MATCH("Matched|"&(ROW()-1),'Master data'!$Q$2:$Q$20,0)),"") -> LEGAL CONSULTANTS & ASSOCIATES | B7: =IFERROR(INDEX('Master data'!B$2:B$20,MATCH("Matched|"&(ROW()-1),'Master data'!$Q$2:$Q$20,0)),"") -> 07AABCL2222Q1Z5 | C7: =IFERROR(INDEX('Master data'!C$2:C$20,MATCH("Matched|"&(ROW()-1),'Master data'!$Q$2:$Q$20,0)),"") -> LC/44 | D7: =IFERROR(INDEX('Master data'!D$2:D$20,MATCH("Matched|"&(ROW()-1),'Master data'!$Q$2:$Q$20,0)),"") -> 16 Sep 2026 | E7: =IFERROR(INDEX('Master data'!E$2:E$20,MATCH("Matched|"&(ROW()-1),'Master data'!$Q$2:$Q$20,0)),"") -> 25000 | F7: =IFERROR(INDEX('Master data'!F$2:F$20,MATCH("Matched|"&(ROW()-1),'Master data'!$Q$2:$Q$20,0)),"") -> 0 | G7: =IFERROR(INDEX('Master data'!G$2:G$20,MATCH("Matched|"&(ROW()-1),'Master data'!$Q$2:$Q$20,0)),"") -> 2250 | H7: =IFERROR(INDEX('Master data'!H$2:H$20,MATCH("Matched|"&(ROW()-1),'Master data'!$Q$2:$Q$20,0)),"") -> 2250 | ... P7: =IFERROR(INDEX('Master data'!P$2:P$20,MATCH("Matched|"&(ROW()-1),'Master data'!$Q$2:$Q$20,0)),"") -> Matched on: GSTIN 07AABCL2222Q1Z5, invoice LC/44; taxable value, CGST, SGST, IGST and cess all agree.
A8: =IFERROR(INDEX('Master data'!A$2:A$20,MATCH("Matched|"&(ROW()-1),'Master data'!$Q$2:$Q$20,0)),"") -> CELEBRATION CATERERS | B8: =IFERROR(INDEX('Master data'!B$2:B$20,MATCH("Matched|"&(ROW()-1),'Master data'!$Q$2:$Q$20,0)),"") -> 07AABCC3333R1Z7 | C8: =IFERROR(INDEX('Master data'!C$2:C$20,MATCH("Matched|"&(ROW()-1),'Master data'!$Q$2:$Q$20,0)),"") -> CC/12 | D8: =IFERROR(INDEX('Master data'!D$2:D$20,MATCH("Matched|"&(ROW()-1),'Master data'!$Q$2:$Q$20,0)),"") -> 19 Sep 2026 | E8: =IFERROR(INDEX('Master data'!E$2:E$20,MATCH("Matched|"&(ROW()-1),'Master data'!$Q$2:$Q$20,0)),"") -> 8000 | F8: =IFERROR(INDEX('Master data'!F$2:F$20,MATCH("Matched|"&(ROW()-1),'Master data'!$Q$2:$Q$20,0)),"") -> 0 | G8: =IFERROR(INDEX('Master data'!G$2:G$20,MATCH("Matched|"&(ROW()-1),'Master data'!$Q$2:$Q$20,0)),"") -> 720 | H8: =IFERROR(INDEX('Master data'!H$2:H$20,MATCH("Matched|"&(ROW()-1),'Master data'!$Q$2:$Q$20,0)),"") -> 720 | ... P8: =IFERROR(INDEX('Master data'!P$2:P$20,MATCH("Matched|"&(ROW()-1),'Master data'!$Q$2:$Q$20,0)),"") -> Matched on: GSTIN 07AABCC3333R1Z7, invoice CC/12; taxable value, CGST, SGST, IGST and cess all agree.
A9: =IFERROR(INDEX('Master data'!A$2:A$20,MATCH("Matched|"&(ROW()-1),'Master data'!$Q$2:$Q$20,0)),"") -> SUNRISE FABRICS PVT LTD | B9: =IFERROR(INDEX('Master data'!B$2:B$20,MATCH("Matched|"&(ROW()-1),'Master data'!$Q$2:$Q$20,0)),"") -> 24AABCS5678G1Z4 | C9: =IFERROR(INDEX('Master data'!C$2:C$20,MATCH("Matched|"&(ROW()-1),'Master data'!$Q$2:$Q$20,0)),"") -> SF-2318 | D9: =IFERROR(INDEX('Master data'!D$2:D$20,MATCH("Matched|"&(ROW()-1),'Master data'!$Q$2:$Q$20,0)),"") -> 27 Sep 2026 | E9: =IFERROR(INDEX('Master data'!E$2:E$20,MATCH("Matched|"&(ROW()-1),'Master data'!$Q$2:$Q$20,0)),"") -> 30000 | F9: =IFERROR(INDEX('Master data'!F$2:F$20,MATCH("Matched|"&(ROW()-1),'Master data'!$Q$2:$Q$20,0)),"") -> 5400 | G9: =IFERROR(INDEX('Master data'!G$2:G$20,MATCH("Matched|"&(ROW()-1),'Master data'!$Q$2:$Q$20,0)),"") -> 0 | H9: =IFERROR(INDEX('Master data'!H$2:H$20,MATCH("Matched|"&(ROW()-1),'Master data'!$Q$2:$Q$20,0)),"") -> 0 | ... P9: =IFERROR(INDEX('Master data'!P$2:P$20,MATCH("Matched|"&(ROW()-1),'Master data'!$Q$2:$Q$20,0)),"") -> Matched on: GSTIN 24AABCS5678G1Z4, invoice SF-2318; taxable value, CGST, SGST, IGST and cess all agree.
A10: =IFERROR(INDEX('Master data'!A$2:A$20,MATCH("Matched|"&(ROW()-1),'Master data'!$Q$2:$Q$20,0)),"") -> RAJESH TEXTILE MILLS | B10: =IFERROR(INDEX('Master data'!B$2:B$20,MATCH("Matched|"&(ROW()-1),'Master data'!$Q$2:$Q$20,0)),"") -> 07AABCR1234F1Z2 | C10: =IFERROR(INDEX('Master data'!C$2:C$20,MATCH("Matched|"&(ROW()-1),'Master data'!$Q$2:$Q$20,0)),"") -> RTM/170 | D10: =IFERROR(INDEX('Master data'!D$2:D$20,MATCH("Matched|"&(ROW()-1),'Master data'!$Q$2:$Q$20,0)),"") -> 29 Sep 2026 | E10: =IFERROR(INDEX('Master data'!E$2:E$20,MATCH("Matched|"&(ROW()-1),'Master data'!$Q$2:$Q$20,0)),"") -> 22000 | F10: =IFERROR(INDEX('Master data'!F$2:F$20,MATCH("Matched|"&(ROW()-1),'Master data'!$Q$2:$Q$20,0)),"") -> 0 | G10: =IFERROR(INDEX('Master data'!G$2:G$20,MATCH("Matched|"&(ROW()-1),'Master data'!$Q$2:$Q$20,0)),"") -> 1980 | H10: =IFERROR(INDEX('Master data'!H$2:H$20,MATCH("Matched|"&(ROW()-1),'Master data'!$Q$2:$Q$20,0)),"") -> 1980 | ... P10: =IFERROR(INDEX('Master data'!P$2:P$20,MATCH("Matched|"&(ROW()-1),'Master data'!$Q$2:$Q$20,0)),"") -> Matched on: GSTIN 07AABCR1234F1Z2, invoice RTM/170; taxable value, CGST, SGST, IGST and cess all agree.
A11: =IFERROR(INDEX('Master data'!A$2:A$20,MATCH("Matched|"&(ROW()-1),'Master data'!$Q$2:$Q$20,0)),"") -> OM TRADER'S | B11: =IFERROR(INDEX('Master data'!B$2:B$20,MATCH("Matched|"&(ROW()-1),'Master data'!$Q$2:$Q$20,0)),"") -> 07AAA0P9012H1Z6 | C11: =IFERROR(INDEX('Master data'!C$2:C$20,MATCH("Matched|"&(ROW()-1),'Master data'!$Q$2:$Q$20,0)),"") -> OT/91 | D11: =IFERROR(INDEX('Master data'!D$2:D$20,MATCH("Matched|"&(ROW()-1),'Master data'!$Q$2:$Q$20,0)),"") -> 30 Sep 2026 | E11: =IFERROR(INDEX('Master data'!E$2:E$20,MATCH("Matched|"&(ROW()-1),'Master data'!$Q$2:$Q$20,0)),"") -> 6000 | F11: =IFERROR(INDEX('Master data'!F$2:F$20,MATCH("Matched|"&(ROW()-1),'Master data'!$Q$2:$Q$20,0)),"") -> 0 | G11: =IFERROR(INDEX('Master data'!G$2:G$20,MATCH("Matched|"&(ROW()-1),'Master data'!$Q$2:$Q$20,0)),"") -> 540 | H11: =IFERROR(INDEX('Master data'!H$2:H$20,MATCH("Matched|"&(ROW()-1),'Master data'!$Q$2:$Q$20,0)),"") -> 540 | ... P11: =IFERROR(INDEX('Master data'!P$2:P$20,MATCH("Matched|"&(ROW()-1),'Master data'!$Q$2:$Q$20,0)),"") -> Matched on party name and amount: GSTIN 07AAA0P9012H1Z6, invoice OT/91; taxable value, CGST, SGST, IGST and cess all agree. via fuzzy party name match (95%: 'OM TRADER'S' ↔ 'Om Traders') Note: GSTIN '07AAA0P9012H1Z6' does not match structural pattern.
A12: =IFERROR(INDEX('Master data'!A$2:A$20,MATCH("Matched|"&(ROW()-1),'Master data'!$Q$2:$Q$20,0)),"") -> BRIGHT STAR TRADERS | B12: =IFERROR(INDEX('Master data'!B$2:B$20,MATCH("Matched|"&(ROW()-1),'Master data'!$Q$2:$Q$20,0)),"") -> 07AABCB9988S1Z | C12: =IFERROR(INDEX('Master data'!C$2:C$20,MATCH("Matched|"&(ROW()-1),'Master data'!$Q$2:$Q$20,0)),"") -> BST/501 | D12: =IFERROR(INDEX('Master data'!D$2:D$20,MATCH("Matched|"&(ROW()-1),'Master data'!$Q$2:$Q$20,0)),"") -> 22 Sep 2026 | E12: =IFERROR(INDEX('Master data'!E$2:E$20,MATCH("Matched|"&(ROW()-1),'Master data'!$Q$2:$Q$20,0)),"") -> 11000 | F12: =IFERROR(INDEX('Master data'!F$2:F$20,MATCH("Matched|"&(ROW()-1),'Master data'!$Q$2:$Q$20,0)),"") -> 0 | G12: =IFERROR(INDEX('Master data'!G$2:G$20,MATCH("Matched|"&(ROW()-1),'Master data'!$Q$2:$Q$20,0)),"") -> 990 | H12: =IFERROR(INDEX('Master data'!H$2:H$20,MATCH("Matched|"&(ROW()-1),'Master data'!$Q$2:$Q$20,0)),"") -> 990 | ... P12: =IFERROR(INDEX('Master data'!P$2:P$20,MATCH("Matched|"&(ROW()-1),'Master data'!$Q$2:$Q$20,0)),"") -> Matched on party name and amount: GSTIN 07AABCB9988S1Z, invoice BST/501; taxable value, CGST, SGST, IGST and cess all agree. via fuzzy party name match (100%: 'BRIGHT STAR TRADERS' ↔ 'Bright Star Traders') Note: GSTIN '07AABCB9988S1Z' has 14 chars (expected 15).
A13: Total | E13: =SUM(E2:E12) -> 242599 | F13: =SUM(F2:F12) -> 17640 | G13: =SUM(G2:G12) -> 13013.91 | H13: =SUM(H2:H12) -> 13013.91 | I13: =SUM(I2:I12) -> 0 | J13: =SUM(J2:J12) -> 43667.82 | K13: =SUM(K2:K12) -> 286266.82

Sheet Amount Difference
A1: Supplier | B1: GSTIN | C1: Invoice no. | D1: Invoice date | E1: Taxable value | F1: IGST | G1: CGST | H1: SGST | I1: Cess | J1: Total tax | K1: Invoice value | L1: Classification | M1: Status | N1: Difference type | O1: Confidence | P1: Match reason
A2: =IFERROR(INDEX('Master data'!A$2:A$20,MATCH("Amount Difference|"&(ROW()-1),'Master data'!$Q$2:$Q$20,0)),"") -> RAJESH TEXTILE MILLS | B2: =IFERROR(INDEX('Master data'!B$2:B$20,MATCH("Amount Difference|"&(ROW()-1),'Master data'!$Q$2:$Q$20,0)),"") -> 07AABCR1234F1Z2 | C2: =IFERROR(INDEX('Master data'!C$2:C$20,MATCH("Amount Difference|"&(ROW()-1),'Master data'!$Q$2:$Q$20,0)),"") -> RTM/158 | D2: =IFERROR(INDEX('Master data'!D$2:D$20,MATCH("Amount Difference|"&(ROW()-1),'Master data'!$Q$2:$Q$20,0)),"") -> 22 Sep 2026 | E2: =IFERROR(INDEX('Master data'!E$2:E$20,MATCH("Amount Difference|"&(ROW()-1),'Master data'!$Q$2:$Q$20,0)),"") -> 35000 | F2: =IFERROR(INDEX('Master data'!F$2:F$20,MATCH("Amount Difference|"&(ROW()-1),'Master data'!$Q$2:$Q$20,0)),"") -> 0 | G2: =IFERROR(INDEX('Master data'!G$2:G$20,MATCH("Amount Difference|"&(ROW()-1),'Master data'!$Q$2:$Q$20,0)),"") -> 3150 | H2: =IFERROR(INDEX('Master data'!H$2:H$20,MATCH("Amount Difference|"&(ROW()-1),'Master data'!$Q$2:$Q$20,0)),"") -> 3150 | ... P2: =IFERROR(INDEX('Master data'!P$2:P$20,MATCH("Amount Difference|"&(ROW()-1),'Master data'!$Q$2:$Q$20,0)),"") -> Matched on: GSTIN 07AABCR1234F1Z2, invoice RTM/158; Taxable Value Difference: books ₹34,500.00 vs portal ₹35,000.00, difference ₹500.00.
A3: =IFERROR(INDEX('Master data'!A$2:A$20,MATCH("Amount Difference|"&(ROW()-1),'Master data'!$Q$2:$Q$20,0)),"") -> SUNRISE FABRICS PVT LTD | B3: =IFERROR(INDEX('Master data'!B$2:B$20,MATCH("Amount Difference|"&(ROW()-1),'Master data'!$Q$2:$Q$20,0)),"") -> 24AABCS5678G1Z4 | C3: =IFERROR(INDEX('Master data'!C$2:C$20,MATCH("Amount Difference|"&(ROW()-1),'Master data'!$Q$2:$Q$20,0)),"") -> SF-2305 | D3: =IFERROR(INDEX('Master data'!D$2:D$20,MATCH("Amount Difference|"&(ROW()-1),'Master data'!$Q$2:$Q$20,0)),"") -> 10 Sep 2026 | E3: =IFERROR(INDEX('Master data'!E$2:E$20,MATCH("Amount Difference|"&(ROW()-1),'Master data'!$Q$2:$Q$20,0)),"") -> 50000 | F3: =IFERROR(INDEX('Master data'!F$2:F$20,MATCH("Amount Difference|"&(ROW()-1),'Master data'!$Q$2:$Q$20,0)),"") -> 9000 | G3: =IFERROR(INDEX('Master data'!G$2:G$20,MATCH("Amount Difference|"&(ROW()-1),'Master data'!$Q$2:$Q$20,0)),"") -> 0 | H3: =IFERROR(INDEX('Master data'!H$2:H$20,MATCH("Amount Difference|"&(ROW()-1),'Master data'!$Q$2:$Q$20,0)),"") -> 0 | ... P3: =IFERROR(INDEX('Master data'!P$2:P$20,MATCH("Amount Difference|"&(ROW()-1),'Master data'!$Q$2:$Q$20,0)),"") -> Matched on: GSTIN 24AABCS5678G1Z4, invoice SF-2305; Tax Amount Difference: IGST: books ₹4,500.00 vs portal ₹9,000.00.
A4: =IFERROR(INDEX('Master data'!A$2:A$20,MATCH("Amount Difference|"&(ROW()-1),'Master data'!$Q$2:$Q$20,0)),"") -> OM TRADERS | B4: =IFERROR(INDEX('Master data'!B$2:B$20,MATCH("Amount Difference|"&(ROW()-1),'Master data'!$Q$2:$Q$20,0)),"") -> 07AAAOP9012H1Z6 | C4: =IFERROR(INDEX('Master data'!C$2:C$20,MATCH("Amount Difference|"&(ROW()-1),'Master data'!$Q$2:$Q$20,0)),"") -> OT/77 | D4: =IFERROR(INDEX('Master data'!D$2:D$20,MATCH("Amount Difference|"&(ROW()-1),'Master data'!$Q$2:$Q$20,0)),"") -> 12 Sep 2026 | E4: =IFERROR(INDEX('Master data'!E$2:E$20,MATCH("Amount Difference|"&(ROW()-1),'Master data'!$Q$2:$Q$20,0)),"") -> 20000 | F4: =IFERROR(INDEX('Master data'!F$2:F$20,MATCH("Amount Difference|"&(ROW()-1),'Master data'!$Q$2:$Q$20,0)),"") -> 0 | G4: =IFERROR(INDEX('Master data'!G$2:G$20,MATCH("Amount Difference|"&(ROW()-1),'Master data'!$Q$2:$Q$20,0)),"") -> 1800 | H4: =IFERROR(INDEX('Master data'!H$2:H$20,MATCH("Amount Difference|"&(ROW()-1),'Master data'!$Q$2:$Q$20,0)),"") -> 1800 | ... P4: =IFERROR(INDEX('Master data'!P$2:P$20,MATCH("Amount Difference|"&(ROW()-1),'Master data'!$Q$2:$Q$20,0)),"") -> Matched on: GSTIN 07AAAOP9012H1Z6, invoice OT/77; Tax Split Mismatch: total tax agrees at ₹3,600.00, but components differ — CGST: books ₹0.00 vs portal ₹1,800.00; SGST: books ₹0.00 vs portal ₹1,800.00; IGST: books ₹3,600.00 vs portal ₹0.00. Indicates a place-of-supply difference.
A5: =IFERROR(INDEX('Master data'!A$2:A$20,MATCH("Amount Difference|"&(ROW()-1),'Master data'!$Q$2:$Q$20,0)),"") -> RAJESH TEXTILE MILLS | B5: =IFERROR(INDEX('Master data'!B$2:B$20,MATCH("Amount Difference|"&(ROW()-1),'Master data'!$Q$2:$Q$20,0)),"") -> 07AABCR1234F1Z2 | C5: =IFERROR(INDEX('Master data'!C$2:C$20,MATCH("Amount Difference|"&(ROW()-1),'Master data'!$Q$2:$Q$20,0)),"") -> RTM/162 | D5: =IFERROR(INDEX('Master data'!D$2:D$20,MATCH("Amount Difference|"&(ROW()-1),'Master data'!$Q$2:$Q$20,0)),"") -> 24 Sep 2026 | E5: =IFERROR(INDEX('Master data'!E$2:E$20,MATCH("Amount Difference|"&(ROW()-1),'Master data'!$Q$2:$Q$20,0)),"") -> 15000 | F5: =IFERROR(INDEX('Master data'!F$2:F$20,MATCH("Amount Difference|"&(ROW()-1),'Master data'!$Q$2:$Q$20,0)),"") -> 0 | G5: =IFERROR(INDEX('Master data'!G$2:G$20,MATCH("Amount Difference|"&(ROW()-1),'Master data'!$Q$2:$Q$20,0)),"") -> 900 | H5: =IFERROR(INDEX('Master data'!H$2:H$20,MATCH("Amount Difference|"&(ROW()-1),'Master data'!$Q$2:$Q$20,0)),"") -> 900 | ... P5: =IFERROR(INDEX('Master data'!P$2:P$20,MATCH("Amount Difference|"&(ROW()-1),'Master data'!$Q$2:$Q$20,0)),"") -> Matched on: GSTIN 07AABCR1234F1Z2, invoice RTM/162; Tax Amount Difference: CGST: books ₹1,350.00 vs portal ₹900.00; SGST: books ₹1,350.00 vs portal ₹900.00.
A6: Total | E6: =SUM(E2:E5) -> 120000 | F6: =SUM(F2:F5) -> 9000 | G6: =SUM(G2:G5) -> 5850 | H6: =SUM(H2:H5) -> 5850 | I6: =SUM(I2:I5) -> 0 | J6: =SUM(J2:J5) -> 20700 | K6: =SUM(K2:K5) -> 140700

Sheet Not in Books
A1: Supplier | B1: GSTIN | C1: Invoice no. | D1: Invoice date | E1: Taxable value | F1: IGST | G1: CGST | H1: SGST | I1: Cess | J1: Total tax | K1: Invoice value | L1: Classification | M1: Status | N1: Difference type | O1: Confidence | P1: Match reason
A2: =IFERROR(INDEX('Master data'!A$2:A$20,MATCH("Not in Books|"&(ROW()-1),'Master data'!$Q$2:$Q$20,0)),"") -> Prime Packaging Solutions | B2: =IFERROR(INDEX('Master data'!B$2:B$20,MATCH("Not in Books|"&(ROW()-1),'Master data'!$Q$2:$Q$20,0)),"") -> 07AABCP7890M1Z3 | C2: =IFERROR(INDEX('Master data'!C$2:C$20,MATCH("Not in Books|"&(ROW()-1),'Master data'!$Q$2:$Q$20,0)),"") -> PPS/912 | D2: =IFERROR(INDEX('Master data'!D$2:D$20,MATCH("Not in Books|"&(ROW()-1),'Master data'!$Q$2:$Q$20,0)),"") -> 09 Sep 2026 | E2: =IFERROR(INDEX('Master data'!E$2:E$20,MATCH("Not in Books|"&(ROW()-1),'Master data'!$Q$2:$Q$20,0)),"") -> 9500 | F2: =IFERROR(INDEX('Master data'!F$2:F$20,MATCH("Not in Books|"&(ROW()-1),'Master data'!$Q$2:$Q$20,0)),"") -> 0 | G2: =IFERROR(INDEX('Master data'!G$2:G$20,MATCH("Not in Books|"&(ROW()-1),'Master data'!$Q$2:$Q$20,0)),"") -> 855 | H2: =IFERROR(INDEX('Master data'!H$2:H$20,MATCH("Not in Books|"&(ROW()-1),'Master data'!$Q$2:$Q$20,0)),"") -> 855 | ... P2: =IFERROR(INDEX('Master data'!P$2:P$20,MATCH("Not in Books|"&(ROW()-1),'Master data'!$Q$2:$Q$20,0)),"") -> Not in Books: GSTIN 07AABCP7890M1Z3, invoice PPS/912, ₹11,210.00 — no matching book entry found across any pass.
A3: Total | E3: =SUM(E2:E2) -> 9500 | F3: =SUM(F2:F2) -> 0 | G3: =SUM(G2:G2) -> 855 | H3: =SUM(H2:H2) -> 855 | I3: =SUM(I2:I2) -> 0 | J3: =SUM(J2:J2) -> 1710 | K3: =SUM(K2:K2) -> 11210

Sheet Not in Portal
A1: Supplier | B1: GSTIN | C1: Invoice no. | D1: Invoice date | E1: Taxable value | F1: IGST | G1: CGST | H1: SGST | I1: Cess | J1: Total tax | K1: Invoice value | L1: Classification | M1: Status | N1: Difference type | O1: Confidence | P1: Match reason
A2: =IFERROR(INDEX('Master data'!A$2:A$20,MATCH("Not in Portal|"&(ROW()-1),'Master data'!$Q$2:$Q$20,0)),"") -> OM TRADERS | B2: =IFERROR(INDEX('Master data'!B$2:B$20,MATCH("Not in Portal|"&(ROW()-1),'Master data'!$Q$2:$Q$20,0)),"") -> 07AAAOP9012H1Z6 | C2: =IFERROR(INDEX('Master data'!C$2:C$20,MATCH("Not in Portal|"&(ROW()-1),'Master data'!$Q$2:$Q$20,0)),"") -> OT/85 | D2: =IFERROR(INDEX('Master data'!D$2:D$20,MATCH("Not in Portal|"&(ROW()-1),'Master data'!$Q$2:$Q$20,0)),"") -> 15 Sep 2026 | E2: =IFERROR(INDEX('Master data'!E$2:E$20,MATCH("Not in Portal|"&(ROW()-1),'Master data'!$Q$2:$Q$20,0)),"") -> 12000 | F2: =IFERROR(INDEX('Master data'!F$2:F$20,MATCH("Not in Portal|"&(ROW()-1),'Master data'!$Q$2:$Q$20,0)),"") -> 0 | G2: =IFERROR(INDEX('Master data'!G$2:G$20,MATCH("Not in Portal|"&(ROW()-1),'Master data'!$Q$2:$Q$20,0)),"") -> 1080 | H2: =IFERROR(INDEX('Master data'!H$2:H$20,MATCH("Not in Portal|"&(ROW()-1),'Master data'!$Q$2:$Q$20,0)),"") -> 1080 | ... P2: =IFERROR(INDEX('Master data'!P$2:P$20,MATCH("Not in Portal|"&(ROW()-1),'Master data'!$Q$2:$Q$20,0)),"") -> Not in Portal: GSTIN 07AAAOP9012H1Z6, invoice OT/85, ₹14,160.00 — no candidate in any pass, and no adjacent-period file was supplied to check for late filing. Duplicate in Books: this GSTIN + invoice number appears 2 times in the books, and one copy was already matched. This surplus copy is the additional ITC claim and is reported separately rather than compared a second time.
A3: =IFERROR(INDEX('Master data'!A$2:A$20,MATCH("Not in Portal|"&(ROW()-1),'Master data'!$Q$2:$Q$20,0)),"") -> GLOBAL LOGISTICS CO | B3: =IFERROR(INDEX('Master data'!B$2:B$20,MATCH("Not in Portal|"&(ROW()-1),'Master data'!$Q$2:$Q$20,0)),"") -> 06AABCG3456L1Z9 | C3: =IFERROR(INDEX('Master data'!C$2:C$20,MATCH("Not in Portal|"&(ROW()-1),'Master data'!$Q$2:$Q$20,0)),"") -> GL/551 | D3: =IFERROR(INDEX('Master data'!D$2:D$20,MATCH("Not in Portal|"&(ROW()-1),'Master data'!$Q$2:$Q$20,0)),"") -> 20 Sep 2026 | E3: =IFERROR(INDEX('Master data'!E$2:E$20,MATCH("Not in Portal|"&(ROW()-1),'Master data'!$Q$2:$Q$20,0)),"") -> 28000 | F3: =IFERROR(INDEX('Master data'!F$2:F$20,MATCH("Not in Portal|"&(ROW()-1),'Master data'!$Q$2:$Q$20,0)),"") -> 5040 | G3: =IFERROR(INDEX('Master data'!G$2:G$20,MATCH("Not in Portal|"&(ROW()-1),'Master data'!$Q$2:$Q$20,0)),"") -> 0 | H3: =IFERROR(INDEX('Master data'!H$2:H$20,MATCH("Not in Portal|"&(ROW()-1),'Master data'!$Q$2:$Q$20,0)),"") -> 0 | ... P3: =IFERROR(INDEX('Master data'!P$2:P$20,MATCH("Not in Portal|"&(ROW()-1),'Master data'!$Q$2:$Q$20,0)),"") -> Not in Portal: GSTIN 06AABCG3456L1Z9, invoice GL/551, ₹33,040.00 — no candidate in any pass, and no adjacent-period file was supplied to check for late filing.
A4: =IFERROR(INDEX('Master data'!A$2:A$20,MATCH("Not in Portal|"&(ROW()-1),'Master data'!$Q$2:$Q$20,0)),"") -> VIKAS ENTERPRISES | B4: =IFERROR(INDEX('Master data'!B$2:B$20,MATCH("Not in Portal|"&(ROW()-1),'Master data'!$Q$2:$Q$20,0)),"") -> 07AABCV6789K1Z8 | C4: =IFERROR(INDEX('Master data'!C$2:C$20,MATCH("Not in Portal|"&(ROW()-1),'Master data'!$Q$2:$Q$20,0)),"") -> VE-250 | D4: =IFERROR(INDEX('Master data'!D$2:D$20,MATCH("Not in Portal|"&(ROW()-1),'Master data'!$Q$2:$Q$20,0)),"") -> 18 Sep 2026 | E4: =IFERROR(INDEX('Master data'!E$2:E$20,MATCH("Not in Portal|"&(ROW()-1),'Master data'!$Q$2:$Q$20,0)),"") -> 9000 | F4: =IFERROR(INDEX('Master data'!F$2:F$20,MATCH("Not in Portal|"&(ROW()-1),'Master data'!$Q$2:$Q$20,0)),"") -> 0 | G4: =IFERROR(INDEX('Master data'!G$2:G$20,MATCH("Not in Portal|"&(ROW()-1),'Master data'!$Q$2:$Q$20,0)),"") -> 810 | H4: =IFERROR(INDEX('Master data'!H$2:H$20,MATCH("Not in Portal|"&(ROW()-1),'Master data'!$Q$2:$Q$20,0)),"") -> 810 | ... P4: =IFERROR(INDEX('Master data'!P$2:P$20,MATCH("Not in Portal|"&(ROW()-1),'Master data'!$Q$2:$Q$20,0)),"") -> Not in Portal: GSTIN 07AABCV6789K1Z8, invoice VE-250, ₹10,620.00 — no candidate in any pass, and no adjacent-period file was supplied to check for late filing.
A5: Total | E5: =SUM(E2:E4) -> 49000 | F5: =SUM(F2:F4) -> 5040 | G5: =SUM(G2:G4) -> 1890 | H5: =SUM(H2:H4) -> 1890 | I5: =SUM(I2:I4) -> 0 | J5: =SUM(J2:J4) -> 8820 | K5: =SUM(K2:K4) -> 57820

Sheet Credit Notes
A1: Supplier | B1: GSTIN | C1: Note no. | D1: Note type | E1: Note date | F1: Taxable value | G1: IGST | H1: CGST | I1: SGST | J1: Cess | K1: Total tax | L1: Note value | M1: ITC availability | N1: Reverse charge
A2: Sunrise Fabrics Pvt Ltd | B2: 24AABCS5678G1Z4 | C2: SF/CN/118 | D2: Credit Note | E2: 26 Sep 2026 | F2: 3400 | G2: 612 | H2: 0 | I2: 0 | J2: 0 | K2: 612 | L2: 4012 | M2: Yes | N2: No
A3: Rajesh Textile Mills | B3: 07AABCR1234F1Z2 | C3: RTM/CN/29 | D3: Credit Note | E3: 28 Sep 2026 | F3: 2000 | G3: 0 | H3: 180 | I3: 180 | J3: 0 | K3: 360 | L3: 2360 | M3: Yes | N3: No
