Workbook

Sheet Overview
A1: GST Reconciliation Report
A2: Test Client · Aug 2026 · Run 11 · GSTIN 07AAACP9472A1ZJ
A3: Generated 26 Sep 2026 13:32 UTC
A4: Source files: 082026_07AAACP9472A1ZJ_GSTR2B_15092026 (1).xlsx, PurchaseRegister(Bill-wise) (1).xlsx
A6: Key figures (live formulas)
A7: ITC at stake (tax on exceptions) | B7: =SUMIF('Master data'!$L$2:$L$40,"<>Matched",'Master data'!$J$2:$J$40) -> 1946.02 | C7: §1 headline — tax on every exception bucket, not gross invoice value
A8: Period ITC (total tax in run) | B8: =SUM('Master data'!$J$2:$J$40) -> 100459.48
A9: ITC at stake % of period ITC | B9: =IFERROR(B7/B8,0) -> 0.019371193
A10: Invoices | B10: =COUNTA('Master data'!$A$2:$A$40) -> 39
A11: Matched | B11: =COUNTIF('Master data'!$L$2:$L$40,"Matched") -> 35
A12: Exceptions | B12: =COUNTA('Master data'!$A$2:$A$40)-COUNTIF('Master data'!$L$2:$L$40,"Matched") -> 4
A13: Not in books | B13: =COUNTIF('Master data'!$L$2:$L$40,"Not in Books") -> 4
A14: Not in portal | B14: =COUNTIF('Master data'!$L$2:$L$40,"Not in Portal") -> 0
A15: Amount difference | B15: =COUNTIF('Master data'!$L$2:$L$40,"Amount Difference") -> 0
A16: Credit notes | B16: =COUNTA('Credit Notes'!$A$2:$A$13) -> 12 | C16: tracked separately from invoices
A17: Credit note tax | B17: =SUM('Credit Notes'!$K$2:$K$13) -> 9840.72 | C17: not reconciled this run
A18: Gross invoice value on exceptions (context only) | B18: =SUMIF('Master data'!$L$2:$L$40,"<>Matched",'Master data'!$K$2:$K$40) -> 12757.26
A20: Split by matching type (from the master data sheet)
A21: Classification | B21: Entries | C21: Total tax | D21: Invoice value
A22: Matched | B22: =COUNTIF('Master data'!$L$2:$L$40,"Matched") -> 35 | C22: =SUMIF('Master data'!$L$2:$L$40,"Matched",'Master data'!$J$2:$J$40) -> 98513.46 | D22: =SUMIF('Master data'!$L$2:$L$40,"Matched",'Master data'!$K$2:$K$40) -> 821221
A23: Not in Books | B23: =COUNTIF('Master data'!$L$2:$L$40,"Not in Books") -> 4 | C23: =SUMIF('Master data'!$L$2:$L$40,"Not in Books",'Master data'!$J$2:$J$40) -> 1946.02 | D23: =SUMIF('Master data'!$L$2:$L$40,"Not in Books",'Master data'!$K$2:$K$40) -> 12757.26
A24: Total | B24: =SUM(B22:B23) -> 39 | C24: =SUM(C22:C23) -> 100459.48 | D24: =SUM(D22:D23) -> 833978.26
A26: Data quality & scope notes
A27: Rounding adjustments on 31 invoice(s)
A28: 31 source rows carry a non-zero rounding/round-off residual. The engine keeps it out of the taxable and tax totals and folds it into the invoice value.
A29: Rounding residuals are normal in Indian invoices but a persistent pattern can hide a mapping offset.
A30: No action needed unless the residuals are large or one-sided; if so, check the 'Other Amt.' column mapping.
A31: TDS is not reconciled in this run
A32: This run reconciled GST only. No Form 26AS or TDS return was part of it.
A33: Deduction, deposit and 26AS reflection cannot be checked without those files, so any TDS position is unverified.
A34: Upload the Form 26AS and TDS source files and run a TDS reconciliation.
A35: 4 record(s) have no books side
A36: These were seen only on the portal, so no books value could be compared.
A37: They widen the difference without a counterpart amount to net against.
... A58: File the return from your filing workflow once the exceptions are decided.

Sheet Master data
A1: Supplier | B1: GSTIN | C1: Invoice no. | D1: Invoice date | E1: Taxable value | F1: IGST | G1: CGST | H1: SGST | I1: Cess | J1: Total tax | K1: Invoice value | L1: Classification | M1: Status | N1: Difference type | O1: Confidence | P1: Match reason | Q1: Row key
A2: SURAJ BHAN SUNIL KUMAR &CO. | B2: 07AAXFS9006M1ZC | C2: T11439 | D2: 01 Aug 2026 | E2: 16460 | F2: 0 | G2: 1481.4 | H2: 1481.4 | I2: 0 | J2: 2962.8 | K2: 19423 | L2: Matched | M2: Not reviewed | O2: High — 98% | P2: Matched on: GSTIN 07AAXFS9006M1ZC, invoice 'T11439' (books) / 'T11439/26-27' (portal); taxable value, CGST, SGST, IGST and cess all agree. | Q2: =$L2&"|"&COUNTIF($L$2:$L2,$L2) -> Matched|1
A3: SURAJ BHAN SUNIL KUMAR &CO. | B3: 07AAXFS9006M1ZC | C3: T11451 | D3: 01 Aug 2026 | E3: 22530 | F3: 0 | G3: 2027.7 | H3: 2027.7 | I3: 0 | J3: 4055.4 | K3: 26585 | L3: Matched | M3: Not reviewed | O3: High — 98% | P3: Matched on: GSTIN 07AAXFS9006M1ZC, invoice 'T11451' (books) / 'T11451/26-27' (portal); taxable value, CGST, SGST, IGST and cess all agree. | Q3: =$L3&"|"&COUNTIF($L$2:$L3,$L3) -> Matched|2
A4: ROOP LAXMI SAREES (P) LTD. | B4: 07AACCR8869H1ZU | C4: 2915 | D4: 03 Aug 2026 | E4: 7693 | F4: 0 | G4: 192.32 | H4: 192.32 | I4: 0 | J4: 384.64 | K4: 8078 | L4: Matched | M4: Not reviewed | O4: High — 98% | P4: Matched on: GSTIN 07AACCR8869H1ZU, invoice '2915' (books) / 'RL/2915/26-27' (portal); taxable value, CGST, SGST, IGST and cess all agree. after invoice number variance ('2915' in books, 'RL/2915/26-27' on portal — same numeric core 2915) | Q4: =$L4&"|"&COUNTIF($L$2:$L4,$L4) -> Matched|3
A5: JAGDISH AND SONS INDIA LLP | B5: 07AAMFJ9163F1Z1 | C5: 3499 | D5: 03 Aug 2026 | E5: 30475 | F5: 0 | G5: 761.88 | H5: 761.88 | I5: 0 | J5: 1523.76 | K5: 31999 | L5: Matched | M5: Not reviewed | O5: High — 98% | P5: Matched on: GSTIN 07AAMFJ9163F1Z1, invoice '3499' (books) / 'JSIT-03499/26-27' (portal); taxable value, CGST, SGST, IGST and cess all agree. after invoice number variance ('3499' in books, 'JSIT-03499/26-27' on portal — same numeric core 3499) | Q5: =$L5&"|"&COUNTIF($L$2:$L5,$L5) -> Matched|4
A6: JAGDISH AND SONS INDIA LLP | B6: 07AAMFJ9163F1Z1 | C6: 3500 | D6: 03 Aug 2026 | E6: 26465 | F6: 0 | G6: 661.63 | H6: 661.63 | I6: 0 | J6: 1323.26 | K6: 27788 | L6: Matched | M6: Not reviewed | O6: High — 98% | P6: Matched on: GSTIN 07AAMFJ9163F1Z1, invoice '3500' (books) / 'JSIT-03500/26-27' (portal); taxable value, CGST, SGST, IGST and cess all agree. after invoice number variance ('3500' in books, 'JSIT-03500/26-27' on portal — same numeric core 3500) | Q6: =$L6&"|"&COUNTIF($L$2:$L6,$L6) -> Matched|5
A7: SURAJ BHAN SUNIL KUMAR &CO. | B7: 07AAXFS9006M1ZC | C7: T11579 | D7: 03 Aug 2026 | E7: 25350 | F7: 0 | G7: 2281.5 | H7: 2281.5 | I7: 0 | J7: 4563 | K7: 29913 | L7: Matched | M7: Not reviewed | O7: High — 98% | P7: Matched on: GSTIN 07AAXFS9006M1ZC, invoice 'T11579' (books) / 'T11579/26-27' (portal); taxable value, CGST, SGST, IGST and cess all agree. | Q7: =$L7&"|"&COUNTIF($L$2:$L7,$L7) -> Matched|6
A8: SURAJ BHAN SUNIL KUMAR &CO. | B8: 07AAXFS9006M1ZC | C8: T12253 | D8: 10 Aug 2026 | E8: 14510 | F8: 0 | G8: 1305.9 | H8: 1305.9 | I8: 0 | J8: 2611.8 | K8: 17122 | L8: Matched | M8: Not reviewed | O8: High — 98% | P8: Matched on: GSTIN 07AAXFS9006M1ZC, invoice 'T12253' (books) / 'T12253/26-27' (portal); taxable value, CGST, SGST, IGST and cess all agree. | Q8: =$L8&"|"&COUNTIF($L$2:$L8,$L8) -> Matched|7
A9: SURAJ BHAN SUNIL KUMAR &CO. | B9: 07AAXFS9006M1ZC | C9: T12408 | D9: 11 Aug 2026 | E9: 44590 | F9: 0 | G9: 4013.1 | H9: 4013.1 | I9: 0 | J9: 8026.2 | K9: 52616 | L9: Matched | M9: Not reviewed | O9: High — 98% | P9: Matched on: GSTIN 07AAXFS9006M1ZC, invoice 'T12408' (books) / 'T12408/26-27' (portal); taxable value, CGST, SGST, IGST and cess all agree. | Q9: =$L9&"|"&COUNTIF($L$2:$L9,$L9) -> Matched|8
A10: SURAJ BHAN SUNIL KUMAR &CO. | B10: 07AAXFS9006M1ZC | C10: T12732 | D10: 13 Aug 2026 | E10: 6850 | F10: 0 | G10: 616.5 | H10: 616.5 | I10: 0 | J10: 1233 | K10: 8083 | L10: Matched | M10: Not reviewed | O10: High — 98% | P10: Matched on: GSTIN 07AAXFS9006M1ZC, invoice 'T12732' (books) / 'T12732/26-27' (portal); taxable value, CGST, SGST, IGST and cess all agree. | Q10: =$L10&"|"&COUNTIF($L$2:$L10,$L10) -> Matched|9
A11: SURAJ BHAN SUNIL KUMAR &CO. | B11: 07AAXFS9006M1ZC | C11: T13053 | D11: 17 Aug 2026 | E11: 14945 | F11: 0 | G11: 1345.05 | H11: 1345.05 | I11: 0 | J11: 2690.1 | K11: 17635 | L11: Matched | M11: Not reviewed | O11: High — 98% | P11: Matched on: GSTIN 07AAXFS9006M1ZC, invoice 'T13053' (books) / 'T13053/26-27' (portal); taxable value, CGST, SGST, IGST and cess all agree. | Q11: =$L11&"|"&COUNTIF($L$2:$L11,$L11) -> Matched|10
A12: SURAJ BHAN SUNIL KUMAR &CO. | B12: 07AAXFS9006M1ZC | C12: T13093 | D12: 17 Aug 2026 | E12: 29545 | F12: 0 | G12: 738.65 | H12: 738.65 | I12: 0 | J12: 1477.3 | K12: 31022 | L12: Matched | M12: Not reviewed | O12: High — 98% | P12: Matched on: GSTIN 07AAXFS9006M1ZC, invoice 'T13093' (books) / 'T13093/26-27' (portal); taxable value, CGST, SGST, IGST and cess all agree. | Q12: =$L12&"|"&COUNTIF($L$2:$L12,$L12) -> Matched|11
A13: SURAJ BHAN SUNIL KUMAR &CO. | B13: 07AAXFS9006M1ZC | C13: T13131 | D13: 17 Aug 2026 | E13: 26965 | F13: 0 | G13: 2426.85 | H13: 2426.85 | I13: 0 | J13: 4853.7 | K13: 31819 | L13: Matched | M13: Not reviewed | O13: High — 98% | P13: Matched on: GSTIN 07AAXFS9006M1ZC, invoice 'T13131' (books) / 'T13131/26-27' (portal); taxable value, CGST, SGST, IGST and cess all agree. | Q13: =$L13&"|"&COUNTIF($L$2:$L13,$L13) -> Matched|12
... A40: Jelux Solutions | B40: 06AAVFJ3532D1ZD | C40: 27 | D40: 01 Aug 2026 | E40: 10000 | F40: 1800 | G40: 0 | H40: 0 | I40: 0 | J40: 1800 | K40: 11800 | L40: Not in Books | M40: Not reviewed | O40: Low — 0% | P40: Not in Books: GSTIN 06AAVFJ3532D1ZD, invoice 27, ₹11,800.00 — no matching book entry found across any pass. | Q40: =$L40&"|"&COUNTIF($L$2:$L40,$L40) -> Not in Books|4

Sheet Matched
A1: Supplier | B1: GSTIN | C1: Invoice no. | D1: Invoice date | E1: Taxable value | F1: IGST | G1: CGST | H1: SGST | I1: Cess | J1: Total tax | K1: Invoice value | L1: Classification | M1: Status | N1: Difference type | O1: Confidence | P1: Match reason
A2: =IFERROR(INDEX('Master data'!A$2:A$40,MATCH("Matched|"&(ROW()-1),'Master data'!$Q$2:$Q$40,0)),"") -> SURAJ BHAN SUNIL KUMAR &CO. | B2: =IFERROR(INDEX('Master data'!B$2:B$40,MATCH("Matched|"&(ROW()-1),'Master data'!$Q$2:$Q$40,0)),"") -> 07AAXFS9006M1ZC | C2: =IFERROR(INDEX('Master data'!C$2:C$40,MATCH("Matched|"&(ROW()-1),'Master data'!$Q$2:$Q$40,0)),"") -> T11439 | D2: =IFERROR(INDEX('Master data'!D$2:D$40,MATCH("Matched|"&(ROW()-1),'Master data'!$Q$2:$Q$40,0)),"") -> 01 Aug 2026 | E2: =IFERROR(INDEX('Master data'!E$2:E$40,MATCH("Matched|"&(ROW()-1),'Master data'!$Q$2:$Q$40,0)),"") -> 16460 | F2: =IFERROR(INDEX('Master data'!F$2:F$40,MATCH("Matched|"&(ROW()-1),'Master data'!$Q$2:$Q$40,0)),"") -> 0 | G2: =IFERROR(INDEX('Master data'!G$2:G$40,MATCH("Matched|"&(ROW()-1),'Master data'!$Q$2:$Q$40,0)),"") -> 1481.4 | H2: =IFERROR(INDEX('Master data'!H$2:H$40,MATCH("Matched|"&(ROW()-1),'Master data'!$Q$2:$Q$40,0)),"") -> 1481.4 | ... P2: =IFERROR(INDEX('Master data'!P$2:P$40,MATCH("Matched|"&(ROW()-1),'Master data'!$Q$2:$Q$40,0)),"") -> Matched on: GSTIN 07AAXFS9006M1ZC, invoice 'T11439' (books) / 'T11439/26-27' (portal); taxable value, CGST, SGST, IGST and cess all agree.
A3: =IFERROR(INDEX('Master data'!A$2:A$40,MATCH("Matched|"&(ROW()-1),'Master data'!$Q$2:$Q$40,0)),"") -> SURAJ BHAN SUNIL KUMAR &CO. | B3: =IFERROR(INDEX('Master data'!B$2:B$40,MATCH("Matched|"&(ROW()-1),'Master data'!$Q$2:$Q$40,0)),"") -> 07AAXFS9006M1ZC | C3: =IFERROR(INDEX('Master data'!C$2:C$40,MATCH("Matched|"&(ROW()-1),'Master data'!$Q$2:$Q$40,0)),"") -> T11451 | D3: =IFERROR(INDEX('Master data'!D$2:D$40,MATCH("Matched|"&(ROW()-1),'Master data'!$Q$2:$Q$40,0)),"") -> 01 Aug 2026 | E3: =IFERROR(INDEX('Master data'!E$2:E$40,MATCH("Matched|"&(ROW()-1),'Master data'!$Q$2:$Q$40,0)),"") -> 22530 | F3: =IFERROR(INDEX('Master data'!F$2:F$40,MATCH("Matched|"&(ROW()-1),'Master data'!$Q$2:$Q$40,0)),"") -> 0 | G3: =IFERROR(INDEX('Master data'!G$2:G$40,MATCH("Matched|"&(ROW()-1),'Master data'!$Q$2:$Q$40,0)),"") -> 2027.7 | H3: =IFERROR(INDEX('Master data'!H$2:H$40,MATCH("Matched|"&(ROW()-1),'Master data'!$Q$2:$Q$40,0)),"") -> 2027.7 | ... P3: =IFERROR(INDEX('Master data'!P$2:P$40,MATCH("Matched|"&(ROW()-1),'Master data'!$Q$2:$Q$40,0)),"") -> Matched on: GSTIN 07AAXFS9006M1ZC, invoice 'T11451' (books) / 'T11451/26-27' (portal); taxable value, CGST, SGST, IGST and cess all agree.
A4: =IFERROR(INDEX('Master data'!A$2:A$40,MATCH("Matched|"&(ROW()-1),'Master data'!$Q$2:$Q$40,0)),"") -> ROOP LAXMI SAREES (P) LTD. | B4: =IFERROR(INDEX('Master data'!B$2:B$40,MATCH("Matched|"&(ROW()-1),'Master data'!$Q$2:$Q$40,0)),"") -> 07AACCR8869H1ZU | C4: =IFERROR(INDEX('Master data'!C$2:C$40,MATCH("Matched|"&(ROW()-1),'Master data'!$Q$2:$Q$40,0)),"") -> 2915 | D4: =IFERROR(INDEX('Master data'!D$2:D$40,MATCH("Matched|"&(ROW()-1),'Master data'!$Q$2:$Q$40,0)),"") -> 03 Aug 2026 | E4: =IFERROR(INDEX('Master data'!E$2:E$40,MATCH("Matched|"&(ROW()-1),'Master data'!$Q$2:$Q$40,0)),"") -> 7693 | F4: =IFERROR(INDEX('Master data'!F$2:F$40,MATCH("Matched|"&(ROW()-1),'Master data'!$Q$2:$Q$40,0)),"") -> 0 | G4: =IFERROR(INDEX('Master data'!G$2:G$40,MATCH("Matched|"&(ROW()-1),'Master data'!$Q$2:$Q$40,0)),"") -> 192.32 | H4: =IFERROR(INDEX('Master data'!H$2:H$40,MATCH("Matched|"&(ROW()-1),'Master data'!$Q$2:$Q$40,0)),"") -> 192.32 | ... P4: =IFERROR(INDEX('Master data'!P$2:P$40,MATCH("Matched|"&(ROW()-1),'Master data'!$Q$2:$Q$40,0)),"") -> Matched on: GSTIN 07AACCR8869H1ZU, invoice '2915' (books) / 'RL/2915/26-27' (portal); taxable value, CGST, SGST, IGST and cess all agree. after invoice number variance ('2915' in books, 'RL/2915/26-27' on portal — same numeric core 2915)
A5: =IFERROR(INDEX('Master data'!A$2:A$40,MATCH("Matched|"&(ROW()-1),'Master data'!$Q$2:$Q$40,0)),"") -> JAGDISH AND SONS INDIA LLP | B5: =IFERROR(INDEX('Master data'!B$2:B$40,MATCH("Matched|"&(ROW()-1),'Master data'!$Q$2:$Q$40,0)),"") -> 07AAMFJ9163F1Z1 | C5: =IFERROR(INDEX('Master data'!C$2:C$40,MATCH("Matched|"&(ROW()-1),'Master data'!$Q$2:$Q$40,0)),"") -> 3499 | D5: =IFERROR(INDEX('Master data'!D$2:D$40,MATCH("Matched|"&(ROW()-1),'Master data'!$Q$2:$Q$40,0)),"") -> 03 Aug 2026 | E5: =IFERROR(INDEX('Master data'!E$2:E$40,MATCH("Matched|"&(ROW()-1),'Master data'!$Q$2:$Q$40,0)),"") -> 30475 | F5: =IFERROR(INDEX('Master data'!F$2:F$40,MATCH("Matched|"&(ROW()-1),'Master data'!$Q$2:$Q$40,0)),"") -> 0 | G5: =IFERROR(INDEX('Master data'!G$2:G$40,MATCH("Matched|"&(ROW()-1),'Master data'!$Q$2:$Q$40,0)),"") -> 761.88 | H5: =IFERROR(INDEX('Master data'!H$2:H$40,MATCH("Matched|"&(ROW()-1),'Master data'!$Q$2:$Q$40,0)),"") -> 761.88 | ... P5: =IFERROR(INDEX('Master data'!P$2:P$40,MATCH("Matched|"&(ROW()-1),'Master data'!$Q$2:$Q$40,0)),"") -> Matched on: GSTIN 07AAMFJ9163F1Z1, invoice '3499' (books) / 'JSIT-03499/26-27' (portal); taxable value, CGST, SGST, IGST and cess all agree. after invoice number variance ('3499' in books, 'JSIT-03499/26-27' on portal — same numeric core 3499)
A6: =IFERROR(INDEX('Master data'!A$2:A$40,MATCH("Matched|"&(ROW()-1),'Master data'!$Q$2:$Q$40,0)),"") -> JAGDISH AND SONS INDIA LLP | B6: =IFERROR(INDEX('Master data'!B$2:B$40,MATCH("Matched|"&(ROW()-1),'Master data'!$Q$2:$Q$40,0)),"") -> 07AAMFJ9163F1Z1 | C6: =IFERROR(INDEX('Master data'!C$2:C$40,MATCH("Matched|"&(ROW()-1),'Master data'!$Q$2:$Q$40,0)),"") -> 3500 | D6: =IFERROR(INDEX('Master data'!D$2:D$40,MATCH("Matched|"&(ROW()-1),'Master data'!$Q$2:$Q$40,0)),"") -> 03 Aug 2026 | E6: =IFERROR(INDEX('Master data'!E$2:E$40,MATCH("Matched|"&(ROW()-1),'Master data'!$Q$2:$Q$40,0)),"") -> 26465 | F6: =IFERROR(INDEX('Master data'!F$2:F$40,MATCH("Matched|"&(ROW()-1),'Master data'!$Q$2:$Q$40,0)),"") -> 0 | G6: =IFERROR(INDEX('Master data'!G$2:G$40,MATCH("Matched|"&(ROW()-1),'Master data'!$Q$2:$Q$40,0)),"") -> 661.63 | H6: =IFERROR(INDEX('Master data'!H$2:H$40,MATCH("Matched|"&(ROW()-1),'Master data'!$Q$2:$Q$40,0)),"") -> 661.63 | ... P6: =IFERROR(INDEX('Master data'!P$2:P$40,MATCH("Matched|"&(ROW()-1),'Master data'!$Q$2:$Q$40,0)),"") -> Matched on: GSTIN 07AAMFJ9163F1Z1, invoice '3500' (books) / 'JSIT-03500/26-27' (portal); taxable value, CGST, SGST, IGST and cess all agree. after invoice number variance ('3500' in books, 'JSIT-03500/26-27' on portal — same numeric core 3500)
A7: =IFERROR(INDEX('Master data'!A$2:A$40,MATCH("Matched|"&(ROW()-1),'Master data'!$Q$2:$Q$40,0)),"") -> SURAJ BHAN SUNIL KUMAR &CO. | B7: =IFERROR(INDEX('Master data'!B$2:B$40,MATCH("Matched|"&(ROW()-1),'Master data'!$Q$2:$Q$40,0)),"") -> 07AAXFS9006M1ZC | C7: =IFERROR(INDEX('Master data'!C$2:C$40,MATCH("Matched|"&(ROW()-1),'Master data'!$Q$2:$Q$40,0)),"") -> T11579 | D7: =IFERROR(INDEX('Master data'!D$2:D$40,MATCH("Matched|"&(ROW()-1),'Master data'!$Q$2:$Q$40,0)),"") -> 03 Aug 2026 | E7: =IFERROR(INDEX('Master data'!E$2:E$40,MATCH("Matched|"&(ROW()-1),'Master data'!$Q$2:$Q$40,0)),"") -> 25350 | F7: =IFERROR(INDEX('Master data'!F$2:F$40,MATCH("Matched|"&(ROW()-1),'Master data'!$Q$2:$Q$40,0)),"") -> 0 | G7: =IFERROR(INDEX('Master data'!G$2:G$40,MATCH("Matched|"&(ROW()-1),'Master data'!$Q$2:$Q$40,0)),"") -> 2281.5 | H7: =IFERROR(INDEX('Master data'!H$2:H$40,MATCH("Matched|"&(ROW()-1),'Master data'!$Q$2:$Q$40,0)),"") -> 2281.5 | ... P7: =IFERROR(INDEX('Master data'!P$2:P$40,MATCH("Matched|"&(ROW()-1),'Master data'!$Q$2:$Q$40,0)),"") -> Matched on: GSTIN 07AAXFS9006M1ZC, invoice 'T11579' (books) / 'T11579/26-27' (portal); taxable value, CGST, SGST, IGST and cess all agree.
A8: =IFERROR(INDEX('Master data'!A$2:A$40,MATCH("Matched|"&(ROW()-1),'Master data'!$Q$2:$Q$40,0)),"") -> SURAJ BHAN SUNIL KUMAR &CO. | B8: =IFERROR(INDEX('Master data'!B$2:B$40,MATCH("Matched|"&(ROW()-1),'Master data'!$Q$2:$Q$40,0)),"") -> 07AAXFS9006M1ZC | C8: =IFERROR(INDEX('Master data'!C$2:C$40,MATCH("Matched|"&(ROW()-1),'Master data'!$Q$2:$Q$40,0)),"") -> T12253 | D8: =IFERROR(INDEX('Master data'!D$2:D$40,MATCH("Matched|"&(ROW()-1),'Master data'!$Q$2:$Q$40,0)),"") -> 10 Aug 2026 | E8: =IFERROR(INDEX('Master data'!E$2:E$40,MATCH("Matched|"&(ROW()-1),'Master data'!$Q$2:$Q$40,0)),"") -> 14510 | F8: =IFERROR(INDEX('Master data'!F$2:F$40,MATCH("Matched|"&(ROW()-1),'Master data'!$Q$2:$Q$40,0)),"") -> 0 | G8: =IFERROR(INDEX('Master data'!G$2:G$40,MATCH("Matched|"&(ROW()-1),'Master data'!$Q$2:$Q$40,0)),"") -> 1305.9 | H8: =IFERROR(INDEX('Master data'!H$2:H$40,MATCH("Matched|"&(ROW()-1),'Master data'!$Q$2:$Q$40,0)),"") -> 1305.9 | ... P8: =IFERROR(INDEX('Master data'!P$2:P$40,MATCH("Matched|"&(ROW()-1),'Master data'!$Q$2:$Q$40,0)),"") -> Matched on: GSTIN 07AAXFS9006M1ZC, invoice 'T12253' (books) / 'T12253/26-27' (portal); taxable value, CGST, SGST, IGST and cess all agree.
A9: =IFERROR(INDEX('Master data'!A$2:A$40,MATCH("Matched|"&(ROW()-1),'Master data'!$Q$2:$Q$40,0)),"") -> SURAJ BHAN SUNIL KUMAR &CO. | B9: =IFERROR(INDEX('Master data'!B$2:B$40,MATCH("Matched|"&(ROW()-1),'Master data'!$Q$2:$Q$40,0)),"") -> 07AAXFS9006M1ZC | C9: =IFERROR(INDEX('Master data'!C$2:C$40,MATCH("Matched|"&(ROW()-1),'Master data'!$Q$2:$Q$40,0)),"") -> T12408 | D9: =IFERROR(INDEX('Master data'!D$2:D$40,MATCH("Matched|"&(ROW()-1),'Master data'!$Q$2:$Q$40,0)),"") -> 11 Aug 2026 | E9: =IFERROR(INDEX('Master data'!E$2:E$40,MATCH("Matched|"&(ROW()-1),'Master data'!$Q$2:$Q$40,0)),"") -> 44590 | F9: =IFERROR(INDEX('Master data'!F$2:F$40,MATCH("Matched|"&(ROW()-1),'Master data'!$Q$2:$Q$40,0)),"") -> 0 | G9: =IFERROR(INDEX('Master data'!G$2:G$40,MATCH("Matched|"&(ROW()-1),'Master data'!$Q$2:$Q$40,0)),"") -> 4013.1 | H9: =IFERROR(INDEX('Master data'!H$2:H$40,MATCH("Matched|"&(ROW()-1),'Master data'!$Q$2:$Q$40,0)),"") -> 4013.1 | ... P9: =IFERROR(INDEX('Master data'!P$2:P$40,MATCH("Matched|"&(ROW()-1),'Master data'!$Q$2:$Q$40,0)),"") -> Matched on: GSTIN 07AAXFS9006M1ZC, invoice 'T12408' (books) / 'T12408/26-27' (portal); taxable value, CGST, SGST, IGST and cess all agree.
A10: =IFERROR(INDEX('Master data'!A$2:A$40,MATCH("Matched|"&(ROW()-1),'Master data'!$Q$2:$Q$40,0)),"") -> SURAJ BHAN SUNIL KUMAR &CO. | B10: =IFERROR(INDEX('Master data'!B$2:B$40,MATCH("Matched|"&(ROW()-1),'Master data'!$Q$2:$Q$40,0)),"") -> 07AAXFS9006M1ZC | C10: =IFERROR(INDEX('Master data'!C$2:C$40,MATCH("Matched|"&(ROW()-1),'Master data'!$Q$2:$Q$40,0)),"") -> T12732 | D10: =IFERROR(INDEX('Master data'!D$2:D$40,MATCH("Matched|"&(ROW()-1),'Master data'!$Q$2:$Q$40,0)),"") -> 13 Aug 2026 | E10: =IFERROR(INDEX('Master data'!E$2:E$40,MATCH("Matched|"&(ROW()-1),'Master data'!$Q$2:$Q$40,0)),"") -> 6850 | F10: =IFERROR(INDEX('Master data'!F$2:F$40,MATCH("Matched|"&(ROW()-1),'Master data'!$Q$2:$Q$40,0)),"") -> 0 | G10: =IFERROR(INDEX('Master data'!G$2:G$40,MATCH("Matched|"&(ROW()-1),'Master data'!$Q$2:$Q$40,0)),"") -> 616.5 | H10: =IFERROR(INDEX('Master data'!H$2:H$40,MATCH("Matched|"&(ROW()-1),'Master data'!$Q$2:$Q$40,0)),"") -> 616.5 | ... P10: =IFERROR(INDEX('Master data'!P$2:P$40,MATCH("Matched|"&(ROW()-1),'Master data'!$Q$2:$Q$40,0)),"") -> Matched on: GSTIN 07AAXFS9006M1ZC, invoice 'T12732' (books) / 'T12732/26-27' (portal); taxable value, CGST, SGST, IGST and cess all agree.
A11: =IFERROR(INDEX('Master data'!A$2:A$40,MATCH("Matched|"&(ROW()-1),'Master data'!$Q$2:$Q$40,0)),"") -> SURAJ BHAN SUNIL KUMAR &CO. | B11: =IFERROR(INDEX('Master data'!B$2:B$40,MATCH("Matched|"&(ROW()-1),'Master data'!$Q$2:$Q$40,0)),"") -> 07AAXFS9006M1ZC | C11: =IFERROR(INDEX('Master data'!C$2:C$40,MATCH("Matched|"&(ROW()-1),'Master data'!$Q$2:$Q$40,0)),"") -> T13053 | D11: =IFERROR(INDEX('Master data'!D$2:D$40,MATCH("Matched|"&(ROW()-1),'Master data'!$Q$2:$Q$40,0)),"") -> 17 Aug 2026 | E11: =IFERROR(INDEX('Master data'!E$2:E$40,MATCH("Matched|"&(ROW()-1),'Master data'!$Q$2:$Q$40,0)),"") -> 14945 | F11: =IFERROR(INDEX('Master data'!F$2:F$40,MATCH("Matched|"&(ROW()-1),'Master data'!$Q$2:$Q$40,0)),"") -> 0 | G11: =IFERROR(INDEX('Master data'!G$2:G$40,MATCH("Matched|"&(ROW()-1),'Master data'!$Q$2:$Q$40,0)),"") -> 1345.05 | H11: =IFERROR(INDEX('Master data'!H$2:H$40,MATCH("Matched|"&(ROW()-1),'Master data'!$Q$2:$Q$40,0)),"") -> 1345.05 | ... P11: =IFERROR(INDEX('Master data'!P$2:P$40,MATCH("Matched|"&(ROW()-1),'Master data'!$Q$2:$Q$40,0)),"") -> Matched on: GSTIN 07AAXFS9006M1ZC, invoice 'T13053' (books) / 'T13053/26-27' (portal); taxable value, CGST, SGST, IGST and cess all agree.
A12: =IFERROR(INDEX('Master data'!A$2:A$40,MATCH("Matched|"&(ROW()-1),'Master data'!$Q$2:$Q$40,0)),"") -> SURAJ BHAN SUNIL KUMAR &CO. | B12: =IFERROR(INDEX('Master data'!B$2:B$40,MATCH("Matched|"&(ROW()-1),'Master data'!$Q$2:$Q$40,0)),"") -> 07AAXFS9006M1ZC | C12: =IFERROR(INDEX('Master data'!C$2:C$40,MATCH("Matched|"&(ROW()-1),'Master data'!$Q$2:$Q$40,0)),"") -> T13093 | D12: =IFERROR(INDEX('Master data'!D$2:D$40,MATCH("Matched|"&(ROW()-1),'Master data'!$Q$2:$Q$40,0)),"") -> 17 Aug 2026 | E12: =IFERROR(INDEX('Master data'!E$2:E$40,MATCH("Matched|"&(ROW()-1),'Master data'!$Q$2:$Q$40,0)),"") -> 29545 | F12: =IFERROR(INDEX('Master data'!F$2:F$40,MATCH("Matched|"&(ROW()-1),'Master data'!$Q$2:$Q$40,0)),"") -> 0 | G12: =IFERROR(INDEX('Master data'!G$2:G$40,MATCH("Matched|"&(ROW()-1),'Master data'!$Q$2:$Q$40,0)),"") -> 738.65 | H12: =IFERROR(INDEX('Master data'!H$2:H$40,MATCH("Matched|"&(ROW()-1),'Master data'!$Q$2:$Q$40,0)),"") -> 738.65 | ... P12: =IFERROR(INDEX('Master data'!P$2:P$40,MATCH("Matched|"&(ROW()-1),'Master data'!$Q$2:$Q$40,0)),"") -> Matched on: GSTIN 07AAXFS9006M1ZC, invoice 'T13093' (books) / 'T13093/26-27' (portal); taxable value, CGST, SGST, IGST and cess all agree.
A13: =IFERROR(INDEX('Master data'!A$2:A$40,MATCH("Matched|"&(ROW()-1),'Master data'!$Q$2:$Q$40,0)),"") -> SURAJ BHAN SUNIL KUMAR &CO. | B13: =IFERROR(INDEX('Master data'!B$2:B$40,MATCH("Matched|"&(ROW()-1),'Master data'!$Q$2:$Q$40,0)),"") -> 07AAXFS9006M1ZC | C13: =IFERROR(INDEX('Master data'!C$2:C$40,MATCH("Matched|"&(ROW()-1),'Master data'!$Q$2:$Q$40,0)),"") -> T13131 | D13: =IFERROR(INDEX('Master data'!D$2:D$40,MATCH("Matched|"&(ROW()-1),'Master data'!$Q$2:$Q$40,0)),"") -> 17 Aug 2026 | E13: =IFERROR(INDEX('Master data'!E$2:E$40,MATCH("Matched|"&(ROW()-1),'Master data'!$Q$2:$Q$40,0)),"") -> 26965 | F13: =IFERROR(INDEX('Master data'!F$2:F$40,MATCH("Matched|"&(ROW()-1),'Master data'!$Q$2:$Q$40,0)),"") -> 0 | G13: =IFERROR(INDEX('Master data'!G$2:G$40,MATCH("Matched|"&(ROW()-1),'Master data'!$Q$2:$Q$40,0)),"") -> 2426.85 | H13: =IFERROR(INDEX('Master data'!H$2:H$40,MATCH("Matched|"&(ROW()-1),'Master data'!$Q$2:$Q$40,0)),"") -> 2426.85 | ... P13: =IFERROR(INDEX('Master data'!P$2:P$40,MATCH("Matched|"&(ROW()-1),'Master data'!$Q$2:$Q$40,0)),"") -> Matched on: GSTIN 07AAXFS9006M1ZC, invoice 'T13131' (books) / 'T13131/26-27' (portal); taxable value, CGST, SGST, IGST and cess all agree.
... A36: =IFERROR(INDEX('Master data'!A$2:A$40,MATCH("Matched|"&(ROW()-1),'Master data'!$Q$2:$Q$40,0)),"") -> SURAJ BHAN SUNIL KUMAR &CO. | B36: =IFERROR(INDEX('Master data'!B$2:B$40,MATCH("Matched|"&(ROW()-1),'Master data'!$Q$2:$Q$40,0)),"") -> 07AAXFS9006M1ZC | C36: =IFERROR(INDEX('Master data'!C$2:C$40,MATCH("Matched|"&(ROW()-1),'Master data'!$Q$2:$Q$40,0)),"") -> T15254 | D36: =IFERROR(INDEX('Master data'!D$2:D$40,MATCH("Matched|"&(ROW()-1),'Master data'!$Q$2:$Q$40,0)),"") -> 31 Aug 2026 | E36: =IFERROR(INDEX('Master data'!E$2:E$40,MATCH("Matched|"&(ROW()-1),'Master data'!$Q$2:$Q$40,0)),"") -> 38440 | F36: =IFERROR(INDEX('Master data'!F$2:F$40,MATCH("Matched|"&(ROW()-1),'Master data'!$Q$2:$Q$40,0)),"") -> 0 | G36: =IFERROR(INDEX('Master data'!G$2:G$40,MATCH("Matched|"&(ROW()-1),'Master data'!$Q$2:$Q$40,0)),"") -> 3459.6 | H36: =IFERROR(INDEX('Master data'!H$2:H$40,MATCH("Matched|"&(ROW()-1),'Master data'!$Q$2:$Q$40,0)),"") -> 3459.6 | ... P36: =IFERROR(INDEX('Master data'!P$2:P$40,MATCH("Matched|"&(ROW()-1),'Master data'!$Q$2:$Q$40,0)),"") -> Matched on: GSTIN 07AAXFS9006M1ZC, invoice 'T15254' (books) / 'T15254/26-27' (portal); taxable value, CGST, SGST, IGST and cess all agree.
A37: Total | E37: =SUM(E2:E36) -> 722707 | F37: =SUM(F2:F36) -> 4204.7 | G37: =SUM(G2:G36) -> 47154.38 | H37: =SUM(H2:H36) -> 47154.38 | I37: =SUM(I2:I36) -> 0 | J37: =SUM(J2:J36) -> 98513.46 | K37: =SUM(K2:K36) -> 821221

Sheet Not in Books
A1: Supplier | B1: GSTIN | C1: Invoice no. | D1: Invoice date | E1: Taxable value | F1: IGST | G1: CGST | H1: SGST | I1: Cess | J1: Total tax | K1: Invoice value | L1: Classification | M1: Status | N1: Difference type | O1: Confidence | P1: Match reason
A2: =IFERROR(INDEX('Master data'!A$2:A$40,MATCH("Not in Books|"&(ROW()-1),'Master data'!$Q$2:$Q$40,0)),"") -> Bharti Airtel Limited | B2: =IFERROR(INDEX('Master data'!B$2:B$40,MATCH("Not in Books|"&(ROW()-1),'Master data'!$Q$2:$Q$40,0)),"") -> 07AAACB2894G1ZP | C2: =IFERROR(INDEX('Master data'!C$2:C$40,MATCH("Not in Books|"&(ROW()-1),'Master data'!$Q$2:$Q$40,0)),"") -> HF2707I005456843 | D2: =IFERROR(INDEX('Master data'!D$2:D$40,MATCH("Not in Books|"&(ROW()-1),'Master data'!$Q$2:$Q$40,0)),"") -> 06 Aug 2026 | E2: =IFERROR(INDEX('Master data'!E$2:E$40,MATCH("Not in Books|"&(ROW()-1),'Master data'!$Q$2:$Q$40,0)),"") -> 599 | F2: =IFERROR(INDEX('Master data'!F$2:F$40,MATCH("Not in Books|"&(ROW()-1),'Master data'!$Q$2:$Q$40,0)),"") -> 0 | G2: =IFERROR(INDEX('Master data'!G$2:G$40,MATCH("Not in Books|"&(ROW()-1),'Master data'!$Q$2:$Q$40,0)),"") -> 53.91 | H2: =IFERROR(INDEX('Master data'!H$2:H$40,MATCH("Not in Books|"&(ROW()-1),'Master data'!$Q$2:$Q$40,0)),"") -> 53.91 | ... P2: =IFERROR(INDEX('Master data'!P$2:P$40,MATCH("Not in Books|"&(ROW()-1),'Master data'!$Q$2:$Q$40,0)),"") -> Not in Books: GSTIN 07AAACB2894G1ZP, invoice HF2707I005456843, ₹706.82 — no matching book entry found across any pass.
A3: =IFERROR(INDEX('Master data'!A$2:A$40,MATCH("Not in Books|"&(ROW()-1),'Master data'!$Q$2:$Q$40,0)),"") -> central bank of india | B3: =IFERROR(INDEX('Master data'!B$2:B$40,MATCH("Not in Books|"&(ROW()-1),'Master data'!$Q$2:$Q$40,0)),"") -> 07AAACC2498P1Z5 | C3: =IFERROR(INDEX('Master data'!C$2:C$40,MATCH("Not in Books|"&(ROW()-1),'Master data'!$Q$2:$Q$40,0)),"") -> 27071C0000155202 | D3: =IFERROR(INDEX('Master data'!D$2:D$40,MATCH("Not in Books|"&(ROW()-1),'Master data'!$Q$2:$Q$40,0)),"") -> 31 Aug 2026 | E3: =IFERROR(INDEX('Master data'!E$2:E$40,MATCH("Not in Books|"&(ROW()-1),'Master data'!$Q$2:$Q$40,0)),"") -> 20 | F3: =IFERROR(INDEX('Master data'!F$2:F$40,MATCH("Not in Books|"&(ROW()-1),'Master data'!$Q$2:$Q$40,0)),"") -> 0 | G3: =IFERROR(INDEX('Master data'!G$2:G$40,MATCH("Not in Books|"&(ROW()-1),'Master data'!$Q$2:$Q$40,0)),"") -> 1.8 | H3: =IFERROR(INDEX('Master data'!H$2:H$40,MATCH("Not in Books|"&(ROW()-1),'Master data'!$Q$2:$Q$40,0)),"") -> 1.8 | ... P3: =IFERROR(INDEX('Master data'!P$2:P$40,MATCH("Not in Books|"&(ROW()-1),'Master data'!$Q$2:$Q$40,0)),"") -> Not in Books: GSTIN 07AAACC2498P1Z5, invoice 27071C0000155202, ₹23.60 — no matching book entry found across any pass.
A4: =IFERROR(INDEX('Master data'!A$2:A$40,MATCH("Not in Books|"&(ROW()-1),'Master data'!$Q$2:$Q$40,0)),"") -> ICICI BANK LIMITED | B4: =IFERROR(INDEX('Master data'!B$2:B$40,MATCH("Not in Books|"&(ROW()-1),'Master data'!$Q$2:$Q$40,0)),"") -> 27AAACI1195H3ZK | C4: =IFERROR(INDEX('Master data'!C$2:C$40,MATCH("Not in Books|"&(ROW()-1),'Master data'!$Q$2:$Q$40,0)),"") -> 7406PC6080067461 | D4: =IFERROR(INDEX('Master data'!D$2:D$40,MATCH("Not in Books|"&(ROW()-1),'Master data'!$Q$2:$Q$40,0)),"") -> 31 Aug 2026 | E4: =IFERROR(INDEX('Master data'!E$2:E$40,MATCH("Not in Books|"&(ROW()-1),'Master data'!$Q$2:$Q$40,0)),"") -> 192.24 | F4: =IFERROR(INDEX('Master data'!F$2:F$40,MATCH("Not in Books|"&(ROW()-1),'Master data'!$Q$2:$Q$40,0)),"") -> 34.6 | G4: =IFERROR(INDEX('Master data'!G$2:G$40,MATCH("Not in Books|"&(ROW()-1),'Master data'!$Q$2:$Q$40,0)),"") -> 0 | H4: =IFERROR(INDEX('Master data'!H$2:H$40,MATCH("Not in Books|"&(ROW()-1),'Master data'!$Q$2:$Q$40,0)),"") -> 0 | ... P4: =IFERROR(INDEX('Master data'!P$2:P$40,MATCH("Not in Books|"&(ROW()-1),'Master data'!$Q$2:$Q$40,0)),"") -> Not in Books: GSTIN 27AAACI1195H3ZK, invoice 7406PC6080067461, ₹226.84 — no matching book entry found across any pass.
A5: =IFERROR(INDEX('Master data'!A$2:A$40,MATCH("Not in Books|"&(ROW()-1),'Master data'!$Q$2:$Q$40,0)),"") -> Jelux Solutions | B5: =IFERROR(INDEX('Master data'!B$2:B$40,MATCH("Not in Books|"&(ROW()-1),'Master data'!$Q$2:$Q$40,0)),"") -> 06AAVFJ3532D1ZD | C5: =IFERROR(INDEX('Master data'!C$2:C$40,MATCH("Not in Books|"&(ROW()-1),'Master data'!$Q$2:$Q$40,0)),"") -> 27 | D5: =IFERROR(INDEX('Master data'!D$2:D$40,MATCH("Not in Books|"&(ROW()-1),'Master data'!$Q$2:$Q$40,0)),"") -> 01 Aug 2026 | E5: =IFERROR(INDEX('Master data'!E$2:E$40,MATCH("Not in Books|"&(ROW()-1),'Master data'!$Q$2:$Q$40,0)),"") -> 10000 | F5: =IFERROR(INDEX('Master data'!F$2:F$40,MATCH("Not in Books|"&(ROW()-1),'Master data'!$Q$2:$Q$40,0)),"") -> 1800 | G5: =IFERROR(INDEX('Master data'!G$2:G$40,MATCH("Not in Books|"&(ROW()-1),'Master data'!$Q$2:$Q$40,0)),"") -> 0 | H5: =IFERROR(INDEX('Master data'!H$2:H$40,MATCH("Not in Books|"&(ROW()-1),'Master data'!$Q$2:$Q$40,0)),"") -> 0 | ... P5: =IFERROR(INDEX('Master data'!P$2:P$40,MATCH("Not in Books|"&(ROW()-1),'Master data'!$Q$2:$Q$40,0)),"") -> Not in Books: GSTIN 06AAVFJ3532D1ZD, invoice 27, ₹11,800.00 — no matching book entry found across any pass.
A6: Total | E6: =SUM(E2:E5) -> 10811.24 | F6: =SUM(F2:F5) -> 1834.6 | G6: =SUM(G2:G5) -> 55.71 | H6: =SUM(H2:H5) -> 55.71 | I6: =SUM(I2:I5) -> 0 | J6: =SUM(J2:J5) -> 1946.02 | K6: =SUM(K2:K5) -> 12757.26

Sheet Credit Notes
A1: Supplier | B1: GSTIN | C1: Note no. | D1: Note type | E1: Note date | F1: Taxable value | G1: IGST | H1: CGST | I1: SGST | J1: Cess | K1: Total tax | L1: Note value | M1: ITC availability | N1: Reverse charge
A2: ROOPLAXMI SAREES PRIVATE LIMITED | B2: 07AACCR8869H1ZU | C2: CDN/465/26-27 | D2: Credit Note | E2: 16 Aug 2026 | F2: 361 | G2: 0 | H2: 32.49 | I2: 32.49 | J2: 0 | K2: 64.98 | L2: 426 | M2: Yes | N2: No
A3: ROOPLAXMI SAREES PRIVATE LIMITED | B3: 07AACCR8869H1ZU | C3: CDN/501/26-27 | D3: Credit Note | E3: 29 Aug 2026 | F3: 1193 | G3: 0 | H3: 78.64 | I3: 78.64 | J3: 0 | K3: 157.28 | L3: 1350 | M3: Yes | N3: No
A4: ROOPLAXMI SAREES PRIVATE LIMITED | B4: 07AACCR8869H1ZU | C4: CN/1026/26-27 | D4: Credit Note | E4: 08 Aug 2026 | F4: 6650 | G4: 0 | H4: 598.5 | I4: 598.5 | J4: 0 | K4: 1197 | L4: 7847 | M4: Yes | N4: No
A5: ROOPLAXMI SAREES PRIVATE LIMITED | B5: 07AACCR8869H1ZU | C5: CN/1077/26-27 | D5: Credit Note | E5: 16 Aug 2026 | F5: 8953 | G5: 0 | H5: 223.82 | I5: 223.82 | J5: 0 | K5: 447.64 | L5: 9401 | M5: Yes | N5: No
A6: ROOPLAXMI SAREES PRIVATE LIMITED | B6: 07AACCR8869H1ZU | C6: CN/1160/26-27 | D6: Credit Note | E6: 27 Aug 2026 | F6: 11890 | G6: 0 | H6: 1070.1 | I6: 1070.1 | J6: 0 | K6: 2140.2 | L6: 14030 | M6: Yes | N6: No
A7: Suraj Bhan Sunil Kumar And Co | B7: 07AAXFS9006M1ZC | C7: CD-248/08-2026 | D7: Credit Note | E7: 22 Aug 2026 | F7: 3444.5 | G7: 0 | H7: 182.75 | I7: 182.75 | J7: 0 | K7: 365.5 | L7: 3810 | M7: Yes | N7: No
A8: Suraj Bhan Sunil Kumar And Co | B8: 07AAXFS9006M1ZC | C8: CD-400/08-2026 | D8: Credit Note | E8: 31 Aug 2026 | F8: 3577.26 | G8: 0 | H8: 285.87 | I8: 285.87 | J8: 0 | K8: 571.74 | L8: 4149 | M8: Yes | N8: No
A9: Suraj Bhan Sunil Kumar And Co | B9: 07AAXFS9006M1ZC | C9: SRI-2538/26-27 | D9: Credit Note | E9: 21 Aug 2026 | F9: 1660 | G9: 0 | H9: 41.5 | I9: 41.5 | J9: 0 | K9: 83 | L9: 1743 | M9: Yes | N9: No
A10: Suraj Bhan Sunil Kumar And Co | B10: 07AAXFS9006M1ZC | C10: SRI-2703/26-27 | D10: Credit Note | E10: 31 Aug 2026 | F10: 18930 | G10: 0 | H10: 1703.7 | I10: 1703.7 | J10: 0 | K10: 3407.4 | L10: 22337 | M10: Yes | N10: No
A11: PUSHPANJALI FASHIONS | B11: 07APRPG2889P1ZV | C11: 14 | D11: Credit Note | E11: 27 Aug 2026 | F11: 4510 | G11: 0 | H11: 112.75 | I11: 112.75 | J11: 0 | K11: 225.5 | L11: 4736 | M11: Yes | N11: No
A12: JAGDISH AND SONS INDIA LLP | B12: 07AAMFJ9163F1Z1 | C12: JSISC26-27-01210 | D12: Credit Note | E12: 03 Aug 2026 | F12: 6100 | G12: 0 | H12: 549 | I12: 549 | J12: 0 | K12: 1098 | L12: 7198 | M12: Yes | N12: No
A13: JAGDISH AND SONS INDIA LLP | B13: 07AAMFJ9163F1Z1 | C13: JSSC-00557/26-27 | D13: Credit Note | E13: 20 Aug 2026 | F13: 1649.52 | G13: 0 | H13: 41.24 | I13: 41.24 | J13: 0 | K13: 82.48 | L13: 1732 | M13: Yes | N13: No
